sample_id,task,comparable_needle_count,near_hit_rate,exact_hit_rate,min_distance,max_log10_ratio,max_ratio,last_q_abs_pos,last_q_log10_ratio,last_q_mean_ratio
rank0|global_req0|task=niah_single_3|doc=0,niah_single_3,1,0.7589285714285714,0.40625,0,3.9789741039276123,9527.393524732937,32530,-0.7093518972396851,0.12090614438056946
rank0|global_req1000|task=niah_single_1|doc=0,niah_single_1,1,0.7544642857142857,0.6205357142857143,0,3.757296085357666,5718.683817778815,32477,-0.6451089978218079,0.08955436944961548
rank0|global_req1008|task=niah_single_1|doc=8,niah_single_1,1,0.6339285714285714,0.53125,0,4.013625621795654,10318.715101398424,32486,-0.7153656482696533,0.09943372011184692
rank0|global_req1016|task=niah_single_1|doc=16,niah_single_1,1,0.6205357142857143,0.5089285714285714,0,3.325815439224243,2117.46109316041,32483,-0.834136962890625,0.10275483876466751
rank0|global_req1024|task=niah_single_1|doc=24,niah_single_1,1,0.9196428571428571,0.7857142857142857,0,3.411802053451538,2581.0834936171173,32477,-0.8488189578056335,0.09469200670719147
rank0|global_req1032|task=niah_single_1|doc=32,niah_single_1,1,0.7098214285714286,0.4419642857142857,0,4.169818878173828,14784.91656968735,32474,-0.8890969753265381,0.08841738849878311
rank0|global_req1040|task=niah_single_1|doc=40,niah_single_1,1,0.8883928571428571,0.75,0,3.6855108737945557,4847.422493699736,32486,-0.7665501236915588,0.08972378820180893
rank0|global_req1048|task=niah_single_1|doc=48,niah_single_1,1,0.9375,0.8392857142857143,0,4.7565765380859375,57092.168394943285,32486,-0.8094209432601929,0.09131478518247604
rank0|global_req104|task=niah_single_3|doc=104,niah_single_3,1,0.9776785714285714,0.6919642857142857,0,4.286117076873779,19324.892062082272,32530,-0.380452960729599,0.13098078966140747
rank0|global_req1056|task=niah_single_1|doc=56,niah_single_1,1,0.7142857142857143,0.6205357142857143,0,3.324716091156006,2112.1078522599146,32477,-0.8068940043449402,0.0982394739985466
rank0|global_req1064|task=niah_single_1|doc=64,niah_single_1,1,0.6741071428571429,0.38839285714285715,0,3.1753268241882324,1497.3620578072528,32477,-0.7306419014930725,0.0911005362868309
rank0|global_req1072|task=niah_single_1|doc=72,niah_single_1,1,0.9330357142857143,0.8883928571428571,0,5.203012466430664,159592.4957632929,32480,-0.8215815424919128,0.0885929986834526
rank0|global_req1080|task=niah_single_1|doc=80,niah_single_1,1,0.9151785714285714,0.71875,0,4.318242073059082,20808.562203071568,32477,-0.7720082402229309,0.09295403957366943
rank0|global_req1088|task=niah_single_1|doc=88,niah_single_1,1,0.9151785714285714,0.03125,0,3.056476354598999,1138.8757734722474,32480,-0.76491379737854,0.09822817146778107
rank0|global_req1096|task=niah_single_1|doc=96,niah_single_1,1,0.4375,0.2767857142857143,0,4.103255748748779,12683.985846602298,32474,-0.8209401369094849,0.08787636458873749
rank0|global_req1104|task=niah_single_1|doc=104,niah_single_1,1,0.5848214285714286,0.29910714285714285,0,3.4211246967315674,2637.088450721071,32477,-0.6521937847137451,0.09569327533245087
rank0|global_req1112|task=niah_single_1|doc=112,niah_single_1,1,0.9419642857142857,0.8392857142857143,0,2.7379605770111084,546.9663098903587,32486,-0.7912731170654297,0.09379515051841736
rank0|global_req1120|task=niah_single_1|doc=120,niah_single_1,1,0.8571428571428571,0.7767857142857143,0,3.3731799125671387,2361.4562968981895,32480,-0.7894296050071716,0.09756866842508316
rank0|global_req1128|task=niah_single_1|doc=128,niah_single_1,1,0.6383928571428571,0.5178571428571429,0,4.261213302612305,18247.917240011266,32477,-0.8321087956428528,0.093715600669384
rank0|global_req112|task=niah_single_3|doc=112,niah_single_3,1,0.9017857142857143,0.5133928571428571,0,3.287914276123047,1940.5028106887466,32531,-0.6619438529014587,0.1267322599887848
rank0|global_req1136|task=niah_single_1|doc=136,niah_single_1,1,0.8616071428571429,0.6160714285714286,0,4.849736213684082,70751.59154458938,32480,-0.8949220776557922,0.09190826863050461
rank0|global_req1144|task=niah_single_1|doc=144,niah_single_1,1,0.5892857142857143,0.35267857142857145,0,4.2161102294921875,16447.891387528893,32480,-0.7823212742805481,0.09463931620121002
rank0|global_req1152|task=niah_single_1|doc=152,niah_single_1,1,0.7366071428571429,0.5625,0,5.4664411544799805,292712.42284816556,32474,-0.8567229509353638,0.08707617968320847
rank0|global_req1160|task=niah_single_1|doc=160,niah_single_1,1,0.38839285714285715,0.22321428571428573,0,4.526261806488037,33594.00685420823,32477,-0.8668600916862488,0.08839264512062073
rank0|global_req1168|task=niah_single_1|doc=168,niah_single_1,1,0.7723214285714286,0.044642857142857144,0,3.1906821727752686,1551.2513511321538,32483,-0.7944390177726746,0.0973806232213974
rank0|global_req1176|task=niah_single_1|doc=176,niah_single_1,1,0.35267857142857145,0.28125,0,4.722916603088379,52834.37849763817,32477,-0.7161301970481873,0.08379998058080673
rank0|global_req1184|task=niah_single_1|doc=184,niah_single_1,1,0.9732142857142857,0.9151785714285714,0,4.053571701049805,11312.84146404728,32483,-0.8444347977638245,0.10331033915281296
rank0|global_req1192|task=niah_single_1|doc=192,niah_single_1,1,0.8883928571428571,0.71875,0,4.128572463989258,13445.360898550649,32480,-0.7816243171691895,0.11063680052757263
rank0|global_req1200|task=niah_single_1|doc=200,niah_single_1,1,0.8660714285714286,0.75,0,3.0733094215393066,1183.8847369955427,32483,-0.6165178418159485,0.10896336287260056
rank0|global_req1208|task=niah_single_1|doc=208,niah_single_1,1,0.8928571428571429,0.6830357142857143,0,2.9219112396240234,835.4322565419759,32480,-0.7983328104019165,0.09806515276432037
rank0|global_req120|task=niah_single_3|doc=120,niah_single_3,1,0.4732142857142857,0.23214285714285715,0,4.211249351501465,16264.823375105896,32530,-0.5774977207183838,0.12875768542289734
rank0|global_req1216|task=niah_single_1|doc=216,niah_single_1,1,0.8080357142857143,0.6696428571428571,0,2.6597747802734375,456.85121080692124,32477,-0.8157451748847961,0.09107808768749237
rank0|global_req1224|task=niah_single_1|doc=224,niah_single_1,1,0.6517857142857143,0.48214285714285715,0,3.554269790649414,3583.189614236403,32474,-0.8142188787460327,0.08918897062540054
rank0|global_req1232|task=niah_single_1|doc=232,niah_single_1,1,0.7678571428571429,0.625,0,3.358941078186035,2285.288731528106,32483,-0.6946552991867065,0.10743167251348495
rank0|global_req1240|task=niah_single_1|doc=240,niah_single_1,1,0.6339285714285714,0.5669642857142857,0,3.043896198272705,1106.359318877338,32480,-0.8440128564834595,0.09614509344100952
rank0|global_req1248|task=niah_single_1|doc=248,niah_single_1,1,0.6517857142857143,0.5982142857142857,0,5.33699893951416,217269.58734405416,32486,-0.7946109175682068,0.11221878230571747
rank0|global_req1256|task=niah_single_1|doc=256,niah_single_1,1,0.29017857142857145,0.21875,0,3.2832376956939697,1919.7191434350952,32480,-0.743362307548523,0.10601020604372025
rank0|global_req1264|task=niah_single_1|doc=264,niah_single_1,1,0.5446428571428571,0.26785714285714285,0,2.8992063999176025,792.8780589249008,32480,-0.8369243144989014,0.092388816177845
rank0|global_req1272|task=niah_single_1|doc=272,niah_single_1,1,0.4107142857142857,0.19196428571428573,0,3.0487313270568848,1118.7455659953926,32480,-0.8021314144134521,0.10079490393400192
rank0|global_req1280|task=niah_single_1|doc=280,niah_single_1,1,0.5892857142857143,0.48214285714285715,0,3.5001814365386963,3163.599050613983,32477,-0.7497053146362305,0.090375617146492
rank0|global_req1288|task=niah_single_1|doc=288,niah_single_1,1,0.45535714285714285,0.41517857142857145,0,3.500802993774414,3168.129998504541,32477,-0.7729236483573914,0.09628330916166306
rank0|global_req128|task=niah_single_3|doc=128,niah_single_3,1,0.6026785714285714,0.3080357142857143,0,3.740530014038086,5502.119442764063,32538,-0.6378976702690125,0.12625837326049805
rank0|global_req1296|task=niah_single_1|doc=296,niah_single_1,1,0.71875,0.65625,0,2.9500670433044434,891.3885337578779,32480,-0.7862330675125122,0.0992736667394638
rank0|global_req1304|task=niah_single_1|doc=304,niah_single_1,1,0.7901785714285714,0.6339285714285714,0,4.276198863983154,18888.56060643228,32483,-0.8289109468460083,0.09299972653388977
rank0|global_req1312|task=niah_single_1|doc=312,niah_single_1,1,0.8928571428571429,0.7232142857142857,0,4.614480972290039,41160.531327650504,32483,-0.8089622855186462,0.09433408081531525
rank0|global_req1320|task=niah_single_1|doc=320,niah_single_1,1,0.39732142857142855,0.32589285714285715,0,3.5500080585479736,3548.1997303181793,32477,-0.8391925692558289,0.09251350164413452
rank0|global_req1328|task=niah_single_1|doc=328,niah_single_1,1,0.9464285714285714,0.8303571428571429,0,2.9683663845062256,929.7504227606634,32480,-0.8032943606376648,0.10037864744663239
rank0|global_req1336|task=niah_single_1|doc=336,niah_single_1,1,0.9196428571428571,0.8169642857142857,0,3.1312572956085205,1352.8738291977493,32483,-0.727992594242096,0.10903343558311462
rank0|global_req1344|task=niah_single_1|doc=344,niah_single_1,1,0.8258928571428571,0.7321428571428571,0,2.971209764480591,935.8575847454015,32483,-0.8410239815711975,0.09496192634105682
rank0|global_req1352|task=niah_single_1|doc=352,niah_single_1,1,0.6071428571428571,0.4955357142857143,0,2.970571994781494,934.4842687162716,32480,-0.6976779103279114,0.1045178771018982
rank0|global_req1360|task=niah_single_1|doc=360,niah_single_1,1,0.65625,0.5625,0,4.40683126449585,25517.09699740952,32477,-0.929940402507782,0.08374203741550446
rank0|global_req1368|task=niah_single_1|doc=368,niah_single_1,1,0.8258928571428571,0.6919642857142857,0,3.499305009841919,3157.2211964610397,32474,-0.8324629664421082,0.09074841439723969
rank0|global_req136|task=niah_single_3|doc=136,niah_single_3,1,0.6964285714285714,0.4017857142857143,0,3.6775641441345215,4759.530827962926,32538,-0.6022262573242188,0.12473095208406448
rank0|global_req1376|task=niah_single_1|doc=376,niah_single_1,1,0.5848214285714286,0.45982142857142855,0,4.445553779602051,27896.76086427842,32480,-0.8081189393997192,0.09697012603282928
rank0|global_req1384|task=niah_single_1|doc=384,niah_single_1,1,0.59375,0.26785714285714285,0,4.500790596008301,31680.395594689307,32477,-0.6650676727294922,0.09708264470100403
rank0|global_req1392|task=niah_single_1|doc=392,niah_single_1,1,0.4330357142857143,0.1875,0,4.990751266479492,97892.91626302568,32477,-0.8588657379150391,0.08580835163593292
rank0|global_req1400|task=niah_single_1|doc=400,niah_single_1,1,0.42857142857142855,0.20982142857142858,0,4.290793418884277,19534.10055020467,32480,-0.7833910584449768,0.09646672010421753
rank0|global_req1408|task=niah_single_1|doc=408,niah_single_1,1,0.6919642857142857,0.5625,0,2.9530885219573975,897.6117354629196,32480,-0.838703453540802,0.09488074481487274
rank0|global_req1416|task=niah_single_1|doc=416,niah_single_1,1,0.9598214285714286,0.8392857142857143,0,3.54124116897583,3477.2920606994107,32486,-0.5730180144309998,0.10128669440746307
rank0|global_req1424|task=niah_single_1|doc=424,niah_single_1,1,0.9375,0.8348214285714286,0,2.8474576473236084,703.8135882371315,32477,-0.811522901058197,0.09375204145908356
rank0|global_req1432|task=niah_single_1|doc=432,niah_single_1,1,0.625,0.5,0,3.809434175491333,6448.135803028517,32477,-0.7920204401016235,0.09063444286584854
rank0|global_req1440|task=niah_single_1|doc=440,niah_single_1,1,0.9508928571428571,0.7946428571428571,0,3.024625062942505,1058.3396401392176,32480,-0.8145070672035217,0.10232894122600555
rank0|global_req1448|task=niah_single_1|doc=448,niah_single_1,1,0.26339285714285715,0.1875,0,2.9712657928466797,935.9783275961395,32477,-0.7342033386230469,0.10747057944536209
rank0|global_req144|task=niah_single_3|doc=144,niah_single_3,1,0.42410714285714285,0.26339285714285715,0,3.7716362476348877,5910.663668796545,32540,-0.6350993514060974,0.12587693333625793
rank0|global_req1456|task=niah_single_1|doc=456,niah_single_1,1,0.7767857142857143,0.6696428571428571,0,3.4491920471191406,2813.144541505252,32480,-0.6800720691680908,0.10059493035078049
rank0|global_req1464|task=niah_single_1|doc=464,niah_single_1,1,0.45089285714285715,0.33482142857142855,0,3.775876522064209,5968.65562562992,32489,-0.749296247959137,0.10092175006866455
rank0|global_req1472|task=niah_single_1|doc=472,niah_single_1,1,0.8973214285714286,0.8169642857142857,0,3.6909971237182617,4909.04624937719,32480,-0.6923340559005737,0.10932517051696777
rank0|global_req1480|task=niah_single_1|doc=480,niah_single_1,1,0.7410714285714286,0.6428571428571429,0,3.9063282012939453,8059.873049076323,32483,-0.7432136535644531,0.09587004780769348
rank0|global_req1488|task=niah_single_1|doc=488,niah_single_1,1,0.8303571428571429,0.6964285714285714,0,6.709674835205078,5124775.383305058,32483,-0.4505020081996918,0.11708052456378937
rank0|global_req1496|task=niah_single_1|doc=496,niah_single_1,1,0.7053571428571429,0.6294642857142857,0,2.836909055709839,686.9245781595755,32483,-0.5204957723617554,0.11760556697845459
rank0|global_req152|task=niah_single_3|doc=152,niah_single_3,1,0.42410714285714285,0.29017857142857145,0,5.091543197631836,123464.81148482424,32530,-0.5429626107215881,0.12765374779701233
rank0|global_req160|task=niah_single_3|doc=160,niah_single_3,1,0.6160714285714286,0.35714285714285715,0,3.636197805404663,4327.108702864179,32537,-0.6331585049629211,0.12056337296962738
rank0|global_req168|task=niah_single_3|doc=168,niah_single_3,1,0.7723214285714286,0.5446428571428571,0,2.9525866508483887,896.575053613486,32538,-0.6440590023994446,0.11679930984973907
rank0|global_req16|task=niah_single_3|doc=16,niah_single_3,1,0.625,0.375,0,3.702425003051758,5039.935785214671,32529,-0.7107481956481934,0.128091961145401
rank0|global_req176|task=niah_single_3|doc=176,niah_single_3,1,0.2767857142857143,0.17857142857142858,0,3.2630362510681152,1832.4673741815534,32533,-0.6417023539543152,0.12756159901618958
rank0|global_req184|task=niah_single_3|doc=184,niah_single_3,1,0.6696428571428571,0.44642857142857145,0,3.1929705142974854,1559.4466231943884,32529,-0.6843034625053406,0.12138011306524277
rank0|global_req192|task=niah_single_3|doc=192,niah_single_3,1,0.5357142857142857,0.26785714285714285,0,3.718365430831909,5228.35936726321,32536,-0.5650541186332703,0.1277671605348587
rank0|global_req200|task=niah_single_3|doc=200,niah_single_3,1,0.5714285714285714,0.28125,0,3.6617114543914795,4588.9302263114405,32530,-0.603333592414856,0.12722668051719666
rank0|global_req208|task=niah_single_3|doc=208,niah_single_3,1,0.42857142857142855,0.2544642857142857,0,3.9804799556732178,9560.485687576398,32526,-0.3862283229827881,0.14010757207870483
rank0|global_req216|task=niah_single_3|doc=216,niah_single_3,1,0.7901785714285714,0.45535714285714285,0,4.397993087768555,25003.05566513632,32532,-0.5897237658500671,0.12641501426696777
rank0|global_req224|task=niah_single_3|doc=224,niah_single_3,1,0.5089285714285714,0.29017857142857145,0,3.093829393386841,1241.1646373568046,32531,-0.5270583033561707,0.1293133795261383
rank0|global_req232|task=niah_single_3|doc=232,niah_single_3,1,0.5892857142857143,0.28125,0,3.557831048965454,3612.692928252265,32527,-0.41534361243247986,0.1403607577085495
rank0|global_req240|task=niah_single_3|doc=240,niah_single_3,1,0.6116071428571429,0.32142857142857145,0,3.4297075271606445,2689.7228172429186,32534,-0.6126129031181335,0.12231889367103577
rank0|global_req248|task=niah_single_3|doc=248,niah_single_3,1,0.6830357142857143,0.4017857142857143,0,3.9214882850646973,8346.190344295279,32527,-0.6873923540115356,0.12663063406944275
rank0|global_req24|task=niah_single_3|doc=24,niah_single_3,1,0.8392857142857143,0.6071428571428571,0,4.33549165725708,21651.682862952533,32526,-0.5599294900894165,0.12319768965244293
rank0|global_req256|task=niah_single_3|doc=256,niah_single_3,1,0.8482142857142857,0.6428571428571429,0,4.555541515350342,35936.97482117246,32538,-0.47507908940315247,0.12682315707206726
rank0|global_req264|task=niah_single_3|doc=264,niah_single_3,1,0.2767857142857143,0.13392857142857142,0,3.3341336250305176,2158.4084125789186,32533,-0.5795900821685791,0.12701204419136047
rank0|global_req272|task=niah_single_3|doc=272,niah_single_3,1,0.5044642857142857,0.27232142857142855,0,4.256584167480469,18054.446034217697,32530,-0.6061739325523376,0.12810689210891724
rank0|global_req280|task=niah_single_3|doc=280,niah_single_3,1,0.7142857142857143,0.48214285714285715,0,3.7842798233032227,6085.269592370909,32532,-0.564767062664032,0.1250966489315033
rank0|global_req288|task=niah_single_3|doc=288,niah_single_3,1,0.5758928571428571,0.29017857142857145,0,3.62052845954895,4173.7694850314265,32528,-0.5492801666259766,0.12444986402988434
rank0|global_req296|task=niah_single_3|doc=296,niah_single_3,1,0.5491071428571429,0.4017857142857143,0,3.704672336578369,5066.083417803236,32531,-0.6034078598022461,0.12239783257246017
rank0|global_req304|task=niah_single_3|doc=304,niah_single_3,1,0.4330357142857143,0.25892857142857145,0,4.129900932312012,13486.552033592116,32526,-0.6763518452644348,0.1265462189912796
rank0|global_req312|task=niah_single_3|doc=312,niah_single_3,1,0.6830357142857143,0.5178571428571429,0,3.47204852104187,2965.1626503402035,32531,-0.5069073438644409,0.12687256932258606
rank0|global_req320|task=niah_single_3|doc=320,niah_single_3,1,0.6116071428571429,0.45535714285714285,0,4.147375583648682,14040.274012608792,32526,-0.6954995393753052,0.12248890101909637
rank0|global_req328|task=niah_single_3|doc=328,niah_single_3,1,0.8125,0.6339285714285714,0,4.190302848815918,15498.970398751097,32536,-0.6538863778114319,0.13152047991752625
rank0|global_req32|task=niah_single_3|doc=32,niah_single_3,1,0.7633928571428571,0.39732142857142855,0,3.63814377784729,4346.540972567041,32538,-0.5881120562553406,0.11992373317480087
rank0|global_req336|task=niah_single_3|doc=336,niah_single_3,1,0.7008928571428571,0.5,0,3.3930745124816895,2472.1482583958536,32522,-0.6829338073730469,0.11954323947429657
rank0|global_req344|task=niah_single_3|doc=344,niah_single_3,1,0.6026785714285714,0.3125,0,3.996082067489624,9910.19197499418,32536,-0.5437653064727783,0.12409757077693939
rank0|global_req352|task=niah_single_3|doc=352,niah_single_3,1,0.7857142857142857,0.625,0,3.344803810119629,2212.095183365801,32536,-0.581103503704071,0.1357554942369461
rank0|global_req360|task=niah_single_3|doc=360,niah_single_3,1,0.6875,0.4107142857142857,0,3.961487293243408,9151.39483383206,32533,-0.49973568320274353,0.13481749594211578
rank0|global_req368|task=niah_single_3|doc=368,niah_single_3,1,1.0,0.7767857142857143,0,5.083162307739258,121105.06517742059,32527,-0.6627184748649597,0.12127462029457092
rank0|global_req376|task=niah_single_3|doc=376,niah_single_3,1,0.8303571428571429,0.7276785714285714,0,3.737025260925293,5457.896062551718,32533,-0.6187232136726379,0.12684157490730286
rank0|global_req384|task=niah_single_3|doc=384,niah_single_3,1,0.5982142857142857,0.4330357142857143,0,3.1329519748687744,1358.1632499404948,32531,-0.5422923564910889,0.1211237907409668
rank0|global_req392|task=niah_single_3|doc=392,niah_single_3,1,0.8392857142857143,0.4330357142857143,0,3.935593366622925,8621.709122467566,32533,-0.7178770899772644,0.11566461622714996
rank0|global_req400|task=niah_single_3|doc=400,niah_single_3,1,0.45982142857142855,0.2767857142857143,0,3.532775402069092,3410.165073307015,32529,-0.5773495435714722,0.1281472146511078
rank0|global_req408|task=niah_single_3|doc=408,niah_single_3,1,0.5625,0.27232142857142855,0,3.892587900161743,7808.864736943502,32529,-0.670779824256897,0.12050215899944305
rank0|global_req40|task=niah_single_3|doc=40,niah_single_3,1,0.71875,0.3169642857142857,0,3.179891347885132,1513.1826319262664,32533,-0.7324336171150208,0.11257022619247437
rank0|global_req416|task=niah_single_3|doc=416,niah_single_3,1,0.5803571428571429,0.32589285714285715,0,3.696704387664795,4973.984042833177,32535,-0.6687036156654358,0.11982490122318268
rank0|global_req424|task=niah_single_3|doc=424,niah_single_3,1,0.5,0.22767857142857142,0,3.2462804317474365,1763.1141534006065,32531,-0.5876908898353577,0.13193950057029724
rank0|global_req432|task=niah_single_3|doc=432,niah_single_3,1,0.8303571428571429,0.5803571428571429,0,3.4070162773132324,2552.7969794407118,32532,-0.48664021492004395,0.1422441303730011
rank0|global_req440|task=niah_single_3|doc=440,niah_single_3,1,0.7455357142857143,0.38392857142857145,0,3.761441230773926,5773.527393944395,32532,-0.6260643005371094,0.1306031346321106
rank0|global_req448|task=niah_single_3|doc=448,niah_single_3,1,0.6294642857142857,0.45535714285714285,0,3.496743679046631,3138.6557099831393,32528,-0.6585493087768555,0.1257789134979248
rank0|global_req456|task=niah_single_3|doc=456,niah_single_3,1,0.7901785714285714,0.5714285714285714,0,3.5094199180603027,3231.6172528361426,32531,-0.42710182070732117,0.1383746862411499
rank0|global_req464|task=niah_single_3|doc=464,niah_single_3,1,0.3794642857142857,0.21875,0,4.219244480133057,16567.023189065654,32530,-0.6127485036849976,0.131820410490036
rank0|global_req472|task=niah_single_3|doc=472,niah_single_3,1,0.6294642857142857,0.32142857142857145,0,3.7696070671081543,5883.111332732613,32530,-0.6483017802238464,0.12395063042640686
rank0|global_req480|task=niah_single_3|doc=480,niah_single_3,1,0.5669642857142857,0.4017857142857143,0,3.2716641426086426,1869.2360258640745,32527,-0.5411969423294067,0.12886664271354675
rank0|global_req488|task=niah_single_3|doc=488,niah_single_3,1,0.6473214285714286,0.32142857142857145,0,3.7405717372894287,5502.648064125187,32530,-0.6497706174850464,0.12845437228679657
rank0|global_req48|task=niah_single_3|doc=48,niah_single_3,1,0.6160714285714286,0.4642857142857143,0,3.5971548557281494,3955.076204839759,32533,-0.5542948842048645,0.13008496165275574
rank0|global_req496|task=niah_single_3|doc=496,niah_single_3,1,0.7455357142857143,0.4732142857142857,0,2.941399574279785,873.7749185936018,32530,-0.5719254016876221,0.1321125328540802
rank0|global_req504|task=niah_single_2|doc=4,niah_single_2,1,0.7053571428571429,0.45535714285714285,0,3.757702112197876,5724.032780198189,32510,-0.22221525013446808,0.15436241030693054
rank0|global_req512|task=niah_single_2|doc=12,niah_single_2,1,0.5892857142857143,0.38839285714285715,0,3.1171727180480957,1309.7026855817887,32507,-0.5150141716003418,0.13970184326171875
rank0|global_req520|task=niah_single_2|doc=20,niah_single_2,1,0.5089285714285714,0.20982142857142858,0,3.571392774581909,3727.2864850004657,32507,-0.35627809166908264,0.1502169966697693
rank0|global_req528|task=niah_single_2|doc=28,niah_single_2,2,0.0,0.0,953,3.370288610458374,2345.7871906572273,32513,-0.5717662572860718,0.13116225600242615
rank0|global_req536|task=niah_single_2|doc=36,niah_single_2,1,0.41964285714285715,0.13839285714285715,0,4.350405693054199,22408.13400837671,32516,-0.5463898181915283,0.12318789958953857
rank0|global_req544|task=niah_single_2|doc=44,niah_single_2,1,0.40625,0.25892857142857145,0,3.3157896995544434,2069.1391572436405,32507,-0.5432581901550293,0.13661721348762512
rank0|global_req552|task=niah_single_2|doc=52,niah_single_2,1,0.6428571428571429,0.29017857142857145,0,3.102152109146118,1265.17939168992,32504,-0.49864399433135986,0.13799996674060822
rank0|global_req560|task=niah_single_2|doc=60,niah_single_2,1,0.3392857142857143,0.14732142857142858,0,3.8669607639312744,7361.405883202514,32504,-0.6468055844306946,0.12537917494773865
rank0|global_req568|task=niah_single_2|doc=68,niah_single_2,1,0.4107142857142857,0.2767857142857143,0,3.455205202102661,2852.3656785406665,32507,-0.6024448871612549,0.11759163439273834
rank0|global_req56|task=niah_single_3|doc=56,niah_single_3,1,0.5848214285714286,0.40625,0,3.730455160140991,5375.9492487586995,32531,-0.6215986609458923,0.12960968911647797
rank0|global_req576|task=niah_single_2|doc=76,niah_single_2,1,0.5223214285714286,0.38839285714285715,0,2.9607670307159424,913.6230137395805,32513,-0.7446817755699158,0.10952618718147278
rank0|global_req584|task=niah_single_2|doc=84,niah_single_2,1,0.625,0.27232142857142855,0,4.016740322113037,10392.985517750783,32513,-0.5256422162055969,0.12827464938163757
rank0|global_req592|task=niah_single_2|doc=92,niah_single_2,1,0.46875,0.16071428571428573,0,3.2461564540863037,1762.610910598225,32504,-0.6218364238739014,0.12261762470006943
rank0|global_req600|task=niah_single_2|doc=100,niah_single_2,1,0.28125,0.09821428571428571,0,3.36401104927063,2312.123614212337,32507,-0.5759387612342834,0.12453737109899521
rank0|global_req608|task=niah_single_2|doc=108,niah_single_2,1,0.25892857142857145,0.13839285714285715,0,3.6962289810180664,4968.542179332431,32510,-0.4700046479701996,0.13572371006011963
rank0|global_req616|task=niah_single_2|doc=116,niah_single_2,1,0.4375,0.21428571428571427,0,3.6290791034698486,4256.759397403721,32504,-0.5647750496864319,0.12299642711877823
rank0|global_req624|task=niah_single_2|doc=124,niah_single_2,1,0.33035714285714285,0.15625,0,3.8490471839904785,7063.942964105405,32510,-0.6229875683784485,0.12956282496452332
rank0|global_req632|task=niah_single_2|doc=132,niah_single_2,1,0.26785714285714285,0.10267857142857142,0,3.776944637298584,5983.353160093771,32507,-0.5750264525413513,0.1330701857805252
rank0|global_req640|task=niah_single_2|doc=140,niah_single_2,1,0.3482142857142857,0.16964285714285715,0,4.225180149078369,16795.00544890047,32504,-0.6002534031867981,0.12239151448011398
rank0|global_req648|task=niah_single_2|doc=148,niah_single_2,1,0.6160714285714286,0.32589285714285715,0,4.273683547973633,18779.4793688211,32510,-0.6118891835212708,0.12803438305854797
rank0|global_req64|task=niah_single_3|doc=64,niah_single_3,1,0.8660714285714286,0.38392857142857145,0,6.395041465759277,2483370.2022873894,32533,-0.42742690443992615,0.13629169762134552
rank0|global_req656|task=niah_single_2|doc=156,niah_single_2,1,0.5892857142857143,0.36160714285714285,0,4.319032192230225,20846.45402439202,32507,-0.5730316042900085,0.13738274574279785
rank0|global_req664|task=niah_single_2|doc=164,niah_single_2,1,0.49107142857142855,0.17857142857142858,0,3.787900924682617,6136.220040079765,32507,-0.4329228401184082,0.13914698362350464
rank0|global_req672|task=niah_single_2|doc=172,niah_single_2,1,0.5892857142857143,0.25892857142857145,0,3.1614091396331787,1450.137353926951,32507,-0.5340346097946167,0.12888498604297638
rank0|global_req680|task=niah_single_2|doc=180,niah_single_2,1,0.5803571428571429,0.32589285714285715,0,3.0583183765411377,1143.7164735916765,32504,-0.6919785737991333,0.12074741721153259
rank0|global_req688|task=niah_single_2|doc=188,niah_single_2,1,0.7544642857142857,0.3080357142857143,0,3.6097214221954346,4071.190478833506,32507,-0.5029700398445129,0.12898516654968262
rank0|global_req696|task=niah_single_2|doc=196,niah_single_2,1,0.3705357142857143,0.14285714285714285,0,3.7241737842559814,5298.754327385973,32507,-0.6677754521369934,0.12773184478282928
rank0|global_req704|task=niah_single_2|doc=204,niah_single_2,1,0.39285714285714285,0.23214285714285715,0,4.113434791564941,12984.785852673924,32507,-0.6885789036750793,0.12163564562797546
rank0|global_req712|task=niah_single_2|doc=212,niah_single_2,1,0.34375,0.08035714285714286,0,4.1624932289123535,14537.617198240334,32507,-0.6146742701530457,0.12678955495357513
rank0|global_req720|task=niah_single_2|doc=220,niah_single_2,1,0.36607142857142855,0.13839285714285715,0,3.135625123977661,1366.5487334298582,32504,-0.6357866525650024,0.12033994495868683
rank0|global_req728|task=niah_single_2|doc=228,niah_single_2,1,0.44642857142857145,0.22321428571428573,0,3.198387384414673,1579.0191039909728,32507,-0.6724839210510254,0.12147414684295654
rank0|global_req72|task=niah_single_3|doc=72,niah_single_3,1,0.44642857142857145,0.21428571428571427,0,4.510563850402832,32401.405579908485,32532,-0.43782731890678406,0.14024192094802856
rank0|global_req736|task=niah_single_2|doc=236,niah_single_2,1,0.6339285714285714,0.16517857142857142,0,3.5448431968688965,3506.2525695235468,32504,-0.6993204951286316,0.11653300374746323
rank0|global_req744|task=niah_single_2|doc=244,niah_single_2,1,0.32142857142857145,0.21875,0,4.681615352630615,48041.36656073172,32507,-0.4893611967563629,0.138927161693573
rank0|global_req752|task=niah_single_2|doc=252,niah_single_2,1,0.4642857142857143,0.20089285714285715,0,3.2378971576690674,1729.406781631017,32504,-0.6419675350189209,0.1292068213224411
rank0|global_req760|task=niah_single_2|doc=260,niah_single_2,1,0.6651785714285714,0.30357142857142855,0,3.2639527320861816,1836.338468342258,32504,-0.6118475198745728,0.12328614294528961
rank0|global_req768|task=niah_single_2|doc=268,niah_single_2,1,0.5357142857142857,0.3169642857142857,0,3.3034772872924805,2011.3020084950354,32510,-0.554516613483429,0.1376255750656128
rank0|global_req776|task=niah_single_2|doc=276,niah_single_2,1,0.9151785714285714,0.5223214285714286,0,3.961077928543091,9142.772820179101,32507,-0.6587107181549072,0.13049834966659546
rank0|global_req784|task=niah_single_2|doc=284,niah_single_2,1,0.5892857142857143,0.23214285714285715,0,3.38015079498291,2399.66598227806,32507,-0.46767011284828186,0.13887539505958557
rank0|global_req792|task=niah_single_2|doc=292,niah_single_2,1,0.38392857142857145,0.14732142857142858,0,3.6414711475372314,4379.9701176249,32504,-0.5000638961791992,0.14409957826137543
rank0|global_req800|task=niah_single_2|doc=300,niah_single_2,1,0.6026785714285714,0.29910714285714285,0,4.059422969818115,11466.291274411404,32504,-0.5456743836402893,0.12297956645488739
rank0|global_req808|task=niah_single_2|doc=308,niah_single_2,1,0.6964285714285714,0.41517857142857145,0,3.474621534347534,2982.782142373149,32510,-0.5077436566352844,0.14195263385772705
rank0|global_req80|task=niah_single_3|doc=80,niah_single_3,1,0.6294642857142857,0.4419642857142857,0,3.684964179992676,4841.3243536465,32535,-0.6785130500793457,0.12241940200328827
rank0|global_req816|task=niah_single_2|doc=316,niah_single_2,1,0.5892857142857143,0.17857142857142858,0,3.9069857597351074,8072.085619129942,32510,-0.6663288474082947,0.12810179591178894
rank0|global_req824|task=niah_single_2|doc=324,niah_single_2,1,0.1875,0.08928571428571429,0,3.991647958755493,9809.524557619849,32504,-0.6918954849243164,0.11663714051246643
rank0|global_req832|task=niah_single_2|doc=332,niah_single_2,1,0.8973214285714286,0.39732142857142855,0,3.726309299468994,5324.87355546114,32501,-0.6275680661201477,0.1274707317352295
rank0|global_req840|task=niah_single_2|doc=340,niah_single_2,1,0.6651785714285714,0.32589285714285715,0,4.232174396514893,17067.67625824267,32513,-0.4230962097644806,0.14386498928070068
rank0|global_req848|task=niah_single_2|doc=348,niah_single_2,1,0.5178571428571429,0.26785714285714285,0,4.330678462982178,21413.0466419954,32504,-0.5119355320930481,0.12718512117862701
rank0|global_req856|task=niah_single_2|doc=356,niah_single_2,1,0.32589285714285715,0.19196428571428573,0,3.993663787841797,9855.16245833186,32507,-0.6514205932617188,0.12821856141090393
rank0|global_req864|task=niah_single_2|doc=364,niah_single_2,1,0.26785714285714285,0.09821428571428571,0,3.451296806335449,2826.811219448044,32504,-0.5388900637626648,0.13768240809440613
rank0|global_req872|task=niah_single_2|doc=372,niah_single_2,1,0.5669642857142857,0.27232142857142855,0,3.5442628860473633,3501.570590843497,32504,-0.6619442105293274,0.12044230103492737
rank0|global_req880|task=niah_single_2|doc=380,niah_single_2,1,0.1875,0.10714285714285714,0,3.482370615005493,3036.481328784471,32504,-0.5217939019203186,0.1297522783279419
rank0|global_req888|task=niah_single_2|doc=388,niah_single_2,1,0.5491071428571429,0.14285714285714285,0,3.8864965438842773,7700.103165899724,32510,-0.5120843648910522,0.13271458446979523
rank0|global_req88|task=niah_single_3|doc=88,niah_single_3,1,0.41964285714285715,0.22767857142857142,0,3.7278528213500977,5343.832308445745,32526,-0.6480391025543213,0.12399134784936905
rank0|global_req896|task=niah_single_2|doc=396,niah_single_2,1,0.6026785714285714,0.25,0,4.567646026611328,36952.68727066358,32510,-0.660503089427948,0.12247562408447266
rank0|global_req8|task=niah_single_3|doc=8,niah_single_3,1,0.6964285714285714,0.35714285714285715,0,3.8706862926483154,7424.8262083073705,32536,-0.6660215854644775,0.11955729871988297
rank0|global_req904|task=niah_single_2|doc=404,niah_single_2,2,0.0,0.0,960,3.5301413536071777,3389.544606475136,32504,-0.548835039138794,0.12756240367889404
rank0|global_req912|task=niah_single_2|doc=412,niah_single_2,1,0.5491071428571429,0.26339285714285715,0,3.866086959838867,7346.609563782484,32504,-0.6078822612762451,0.12173553556203842
rank0|global_req920|task=niah_single_2|doc=420,niah_single_2,1,0.5625,0.16071428571428573,0,4.13285493850708,13578.598233403483,32507,-0.6493068337440491,0.12412693351507187
rank0|global_req928|task=niah_single_2|doc=428,niah_single_2,1,0.6428571428571429,0.33035714285714285,0,3.4912455081939697,3099.170776222472,32507,-0.5255639553070068,0.1359802782535553
rank0|global_req936|task=niah_single_2|doc=436,niah_single_2,1,0.3125,0.24553571428571427,0,4.012257099151611,10286.250564160817,32504,-0.6156368255615234,0.1210678443312645
rank0|global_req944|task=niah_single_2|doc=444,niah_single_2,1,0.5133928571428571,0.19196428571428573,0,4.066048622131348,11642.563682927104,32510,-0.6478449106216431,0.13278913497924805
rank0|global_req952|task=niah_single_2|doc=452,niah_single_2,1,0.39732142857142855,0.11607142857142858,0,3.7942886352539062,6227.140079060873,32501,-0.573077917098999,0.12832996249198914
rank0|global_req960|task=niah_single_2|doc=460,niah_single_2,1,0.5401785714285714,0.19196428571428573,0,3.9319145679473877,8548.985253462572,32510,-0.5074765682220459,0.13448624312877655
rank0|global_req968|task=niah_single_2|doc=468,niah_single_2,1,0.29910714285714285,0.11607142857142858,0,4.408928871154785,25640.640591543626,32510,-0.43525052070617676,0.1309223473072052
rank0|global_req96|task=niah_single_3|doc=96,niah_single_3,1,0.4017857142857143,0.1875,0,3.58933687210083,3884.5156197720494,32527,-0.6468324065208435,0.11890433728694916
rank0|global_req976|task=niah_single_2|doc=476,niah_single_2,1,0.44642857142857145,0.125,0,3.6333975791931152,4299.29830194272,32504,-0.5995721817016602,0.12666839361190796
rank0|global_req984|task=niah_single_2|doc=484,niah_single_2,1,0.5178571428571429,0.25892857142857145,0,3.777573347091675,5992.021280672869,32504,-0.7435808777809143,0.12260686606168747
rank0|global_req992|task=niah_single_2|doc=492,niah_single_2,1,0.5446428571428571,0.32142857142857145,0,2.8502676486968994,708.3822144414673,32504,-0.6942565441131592,0.11619658023118973
rank1|global_req1001|task=niah_single_1|doc=1,niah_single_1,1,0.8973214285714286,0.8125,0,3.646695613861084,4432.978386598787,32480,-0.6737583875656128,0.10479124635457993
rank1|global_req1009|task=niah_single_1|doc=9,niah_single_1,1,0.22321428571428573,0.19196428571428573,0,3.172391653060913,1487.276285009483,32480,-0.7263004779815674,0.10855549573898315
rank1|global_req1017|task=niah_single_1|doc=17,niah_single_1,1,0.7366071428571429,0.65625,0,3.478553533554077,3009.9101642800174,32483,-0.8297218680381775,0.09524741768836975
rank1|global_req1025|task=niah_single_1|doc=25,niah_single_1,1,0.8883928571428571,0.7857142857142857,0,3.334425926208496,2159.8616147502166,32480,-0.7401599287986755,0.1096014454960823
rank1|global_req1033|task=niah_single_1|doc=33,niah_single_1,1,0.9955357142857143,0.9642857142857143,0,9.154881477355957,1428504054.4487798,32477,-0.7845313549041748,0.09124751389026642
rank1|global_req1041|task=niah_single_1|doc=41,niah_single_1,1,0.42410714285714285,0.3080357142857143,0,5.1601786613464355,144603.45223541444,32474,-0.8171212077140808,0.09020968526601791
rank1|global_req1049|task=niah_single_1|doc=49,niah_single_1,1,0.78125,0.5714285714285714,0,3.6198437213897705,4167.194021777487,32483,-0.7882209420204163,0.09634710848331451
rank1|global_req1057|task=niah_single_1|doc=57,niah_single_1,1,0.27232142857142855,0.19196428571428573,0,4.716602325439453,52071.768222092636,32474,-0.7848473787307739,0.08642829954624176
rank1|global_req105|task=niah_single_3|doc=105,niah_single_3,1,0.42410714285714285,0.21428571428571427,0,3.8008456230163574,6321.870903255767,32532,-0.6652817726135254,0.12402689456939697
rank1|global_req1065|task=niah_single_1|doc=65,niah_single_1,1,0.5491071428571429,0.41517857142857145,0,3.2385518550872803,1732.0158223942115,32477,-0.8225518465042114,0.10160454362630844
rank1|global_req1073|task=niah_single_1|doc=73,niah_single_1,1,0.5535714285714286,0.49107142857142855,0,4.881203651428223,76068.28963513325,32477,-0.8682618141174316,0.0887305811047554
rank1|global_req1081|task=niah_single_1|doc=81,niah_single_1,1,0.9375,0.8883928571428571,0,4.996143341064453,99115.9027903301,32480,-0.7340726256370544,0.10024675726890564
rank1|global_req1089|task=niah_single_1|doc=89,niah_single_1,1,0.7544642857142857,0.6473214285714286,0,4.170709133148193,14815.255074917279,32477,-0.8242030739784241,0.08590343594551086
rank1|global_req1097|task=niah_single_1|doc=97,niah_single_1,1,0.6651785714285714,0.5580357142857143,0,3.489959478378296,3090.007107550001,32486,-0.619875431060791,0.10971003025770187
rank1|global_req1105|task=niah_single_1|doc=105,niah_single_1,1,0.8883928571428571,0.6830357142857143,0,4.077053070068359,11941.340167534536,32474,-0.7731621861457825,0.08924762904644012
rank1|global_req1113|task=niah_single_1|doc=113,niah_single_1,1,0.78125,0.6428571428571429,0,3.3255956172943115,2116.389593005807,32483,-0.8870052695274353,0.0950033962726593
rank1|global_req1121|task=niah_single_1|doc=121,niah_single_1,1,0.5803571428571429,0.2857142857142857,0,4.948872089385986,88893.92643968409,32477,-0.8423967361450195,0.08999749273061752
rank1|global_req1129|task=niah_single_1|doc=129,niah_single_1,1,0.75,0.6428571428571429,0,2.8993706703186035,793.1780190621938,32483,-0.8012847900390625,0.09478241205215454
rank1|global_req1137|task=niah_single_1|doc=137,niah_single_1,1,0.8080357142857143,0.6830357142857143,0,3.410109519958496,2571.044064406269,32474,-0.8040303587913513,0.09097099304199219
rank1|global_req113|task=niah_single_3|doc=113,niah_single_3,1,0.39732142857142855,0.26339285714285715,0,3.3265347480773926,2120.9710860570203,32534,-0.4306943416595459,0.13779394328594208
rank1|global_req1145|task=niah_single_1|doc=145,niah_single_1,1,0.5580357142857143,0.4732142857142857,0,3.832976818084717,6807.330213303403,32480,-0.5704423189163208,0.10715329647064209
rank1|global_req1153|task=niah_single_1|doc=153,niah_single_1,1,0.5758928571428571,0.32142857142857145,0,3.6477489471435547,4443.743134971123,32480,-0.88527911901474,0.09118968993425369
rank1|global_req1161|task=niah_single_1|doc=161,niah_single_1,1,0.23660714285714285,0.16517857142857142,0,3.9685821533203125,9302.124617622014,32477,-0.8543988466262817,0.09046098589897156
rank1|global_req1169|task=niah_single_1|doc=169,niah_single_1,1,0.6473214285714286,0.5669642857142857,0,3.67276930809021,4707.272154432575,32480,-0.7988741397857666,0.09976091235876083
rank1|global_req1177|task=niah_single_1|doc=177,niah_single_1,1,0.9107142857142857,0.7410714285714286,0,3.182908773422241,1523.732649533189,32480,-0.5499186515808105,0.0988699346780777
rank1|global_req1185|task=niah_single_1|doc=185,niah_single_1,1,0.5848214285714286,0.45089285714285715,0,4.8918914794921875,77963.52727098904,32477,-0.9712676405906677,0.07944735139608383
rank1|global_req1193|task=niah_single_1|doc=193,niah_single_1,1,0.45089285714285715,0.29464285714285715,0,5.030481338500977,107270.75529347594,32477,-0.833795964717865,0.08903664350509644
rank1|global_req1201|task=niah_single_1|doc=201,niah_single_1,1,0.625,0.4419642857142857,0,3.5717995166778564,3730.7789412344823,32483,-0.8180790543556213,0.09817017614841461
rank1|global_req1209|task=niah_single_1|doc=209,niah_single_1,1,0.39285714285714285,0.2544642857142857,0,3.283656597137451,1921.5717137844963,32480,-0.7804556488990784,0.10163838416337967
rank1|global_req1217|task=niah_single_1|doc=217,niah_single_1,1,0.78125,0.6696428571428571,0,3.1497225761413574,1411.6355150164793,32477,-0.7012520432472229,0.08778669685125351
rank1|global_req121|task=niah_single_3|doc=121,niah_single_3,1,0.8526785714285714,0.5892857142857143,0,2.9429445266723633,876.8888071785575,32535,-0.4686598777770996,0.13055622577667236
rank1|global_req1225|task=niah_single_1|doc=225,niah_single_1,1,0.4642857142857143,0.35267857142857145,0,5.003233909606934,100747.4145075178,32477,-0.8399400115013123,0.08984747529029846
rank1|global_req1233|task=niah_single_1|doc=233,niah_single_1,1,0.4017857142857143,0.24107142857142858,0,4.085720539093018,12182.054527469707,32477,-0.7252787947654724,0.09396541118621826
rank1|global_req1241|task=niah_single_1|doc=241,niah_single_1,1,0.8392857142857143,0.7276785714285714,0,3.583212375640869,3830.1199536781046,32480,-0.7901914715766907,0.09424169361591339
rank1|global_req1249|task=niah_single_1|doc=249,niah_single_1,1,0.5892857142857143,0.47767857142857145,0,4.408830165863037,25634.81371730716,32477,-0.7844042778015137,0.10277850180864334
rank1|global_req1257|task=niah_single_1|doc=257,niah_single_1,1,0.8125,0.5223214285714286,0,3.571840524673462,3731.131234427483,32477,-0.7887767553329468,0.09408442676067352
rank1|global_req1265|task=niah_single_1|doc=265,niah_single_1,1,0.9553571428571429,0.8973214285714286,0,4.858519077301025,72196.98762900347,32480,-0.6048628687858582,0.11340756714344025
rank1|global_req1273|task=niah_single_1|doc=273,niah_single_1,1,0.9375,0.90625,0,8.085599899291992,121786710.24815373,32477,-0.661503791809082,0.09287941455841064
rank1|global_req1281|task=niah_single_1|doc=281,niah_single_1,1,0.7053571428571429,0.5803571428571429,0,3.848252773284912,7051.033422663874,32477,-0.7996507883071899,0.08980260789394379
rank1|global_req1289|task=niah_single_1|doc=289,niah_single_1,1,0.9285714285714286,0.7366071428571429,0,4.453011512756348,28379.942601212813,32480,-0.6820709705352783,0.11944960802793503
rank1|global_req1297|task=niah_single_1|doc=297,niah_single_1,1,0.8125,0.42410714285714285,0,4.393200874328613,24728.676565988197,32477,-0.8419298529624939,0.08980536460876465
rank1|global_req129|task=niah_single_3|doc=129,niah_single_3,1,0.625,0.5267857142857143,0,3.51645565032959,3284.3970269262136,32531,-0.5943483114242554,0.13179457187652588
rank1|global_req1305|task=niah_single_1|doc=305,niah_single_1,1,0.8392857142857143,0.65625,0,2.948712110519409,888.6118706300554,32477,-0.7504091858863831,0.09183119982481003
rank1|global_req1313|task=niah_single_1|doc=313,niah_single_1,1,0.47767857142857145,0.32589285714285715,0,3.4804821014404297,3023.3059685665207,32477,-0.596649706363678,0.09569162130355835
rank1|global_req1321|task=niah_single_1|doc=321,niah_single_1,1,0.8169642857142857,0.6026785714285714,0,3.219939708709717,1659.3565299054583,32477,-0.751876175403595,0.10230715572834015
rank1|global_req1329|task=niah_single_1|doc=329,niah_single_1,1,0.8616071428571429,0.7544642857142857,0,3.29532790184021,1973.9125207946906,32477,-0.7046713829040527,0.10279687494039536
rank1|global_req1337|task=niah_single_1|doc=337,niah_single_1,1,0.7946428571428571,0.6651785714285714,0,4.825140476226807,66856.01340334326,32477,-0.7249627113342285,0.08898933231830597
rank1|global_req1345|task=niah_single_1|doc=345,niah_single_1,1,0.0,0.0,104,3.0211026668548584,1049.7905689397776,32483,-0.734481930732727,0.09507597982883453
rank1|global_req1353|task=niah_single_1|doc=353,niah_single_1,1,0.7857142857142857,0.5401785714285714,0,3.0241518020629883,1057.1869707787187,32486,-0.7902628183364868,0.1067776009440422
rank1|global_req1361|task=niah_single_1|doc=361,niah_single_1,1,0.5625,0.47767857142857145,0,3.9387614727020264,8684.833017088324,32483,-0.818152129650116,0.09538580477237701
rank1|global_req1369|task=niah_single_1|doc=369,niah_single_1,1,0.9017857142857143,0.8080357142857143,0,4.567927360534668,36976.63280279149,32480,-0.7226779460906982,0.09105747193098068
rank1|global_req1377|task=niah_single_1|doc=377,niah_single_1,1,0.5223214285714286,0.41964285714285715,0,3.0088000297546387,1020.4695018572028,32477,-0.8160966634750366,0.09731663763523102
rank1|global_req137|task=niah_single_3|doc=137,niah_single_3,1,0.7142857142857143,0.45089285714285715,0,3.745511293411255,5565.591068555863,32539,-0.5757102370262146,0.13110493123531342
rank1|global_req1385|task=niah_single_1|doc=385,niah_single_1,1,0.6205357142857143,0.5892857142857143,0,4.373416423797607,23627.42666088519,32480,-0.7428830862045288,0.10354424268007278
rank1|global_req1393|task=niah_single_1|doc=393,niah_single_1,1,0.7633928571428571,0.6383928571428571,0,2.898191213607788,791.0268290645637,32480,-0.8597822785377502,0.10419723391532898
rank1|global_req1401|task=niah_single_1|doc=401,niah_single_1,1,0.7053571428571429,0.5401785714285714,0,3.311821937561035,2050.321366676566,32477,-0.705170214176178,0.10571296513080597
rank1|global_req1409|task=niah_single_1|doc=409,niah_single_1,1,0.7232142857142857,0.46875,0,3.8122916221618652,6490.701280035582,32477,-0.8324187994003296,0.0914871096611023
rank1|global_req1417|task=niah_single_1|doc=417,niah_single_1,1,0.9241071428571429,0.8392857142857143,0,3.8922340869903564,7802.505563202818,32486,-0.7089888453483582,0.10493938624858856
rank1|global_req1425|task=niah_single_1|doc=425,niah_single_1,1,0.7991071428571429,0.45089285714285715,0,4.341350078582764,21945.732367143373,32474,-0.8135556578636169,0.08665026724338531
rank1|global_req1433|task=niah_single_1|doc=433,niah_single_1,1,0.5491071428571429,0.42410714285714285,0,4.09201717376709,12359.96308790447,32477,-0.8106136918067932,0.08880943059921265
rank1|global_req1441|task=niah_single_1|doc=441,niah_single_1,1,0.9241071428571429,0.78125,0,4.005976676940918,10138.569367828588,32477,-0.8608081936836243,0.08769778162240982
rank1|global_req1449|task=niah_single_1|doc=449,niah_single_1,1,0.8080357142857143,0.5758928571428571,0,3.803144931793213,6355.429884656137,32477,-0.8059072494506836,0.0933862179517746
rank1|global_req1457|task=niah_single_1|doc=457,niah_single_1,1,0.5089285714285714,0.35267857142857145,0,3.113646984100342,1299.1131657094397,32483,-0.7376788854598999,0.09599874913692474
rank1|global_req145|task=niah_single_3|doc=145,niah_single_3,1,0.5446428571428571,0.3080357142857143,0,3.730149984359741,5372.172932704261,32530,-0.7138413190841675,0.11164025962352753
rank1|global_req1465|task=niah_single_1|doc=465,niah_single_1,1,0.9553571428571429,0.8794642857142857,0,3.5381274223327637,3452.4501962977643,32477,-0.8485029339790344,0.08718840032815933
rank1|global_req1473|task=niah_single_1|doc=473,niah_single_1,1,0.7455357142857143,0.6294642857142857,0,2.60224986076355,400.17491444548324,32477,-0.6314562559127808,0.09087936580181122
rank1|global_req1481|task=niah_single_1|doc=481,niah_single_1,1,0.9017857142857143,0.8125,0,4.099410057067871,12572.16456298627,32480,-0.6530545353889465,0.09136075526475906
rank1|global_req1489|task=niah_single_1|doc=489,niah_single_1,1,0.7901785714285714,0.6741071428571429,0,2.902043104171753,798.0738929878546,32483,-0.7704418301582336,0.10258749127388
rank1|global_req1497|task=niah_single_1|doc=497,niah_single_1,1,0.7767857142857143,0.5982142857142857,0,4.374282360076904,23674.584195024338,32480,-0.5092611312866211,0.10990181565284729
rank1|global_req153|task=niah_single_3|doc=153,niah_single_3,1,0.9330357142857143,0.5,0,4.236300945281982,17230.62160966783,32531,-0.655211329460144,0.12537577748298645
rank1|global_req161|task=niah_single_3|doc=161,niah_single_3,1,0.34375,0.17410714285714285,0,3.843606948852539,6976.007660819768,32535,-0.6530661582946777,0.1293364316225052
rank1|global_req169|task=niah_single_3|doc=169,niah_single_3,1,0.5357142857142857,0.33035714285714285,0,3.751286506652832,5640.096136178315,32536,-0.7162348628044128,0.11829163134098053
rank1|global_req177|task=niah_single_3|doc=177,niah_single_3,1,0.6428571428571429,0.36160714285714285,0,5.632521152496338,429063.08642898785,32534,-0.5665522813796997,0.12739357352256775
rank1|global_req17|task=niah_single_3|doc=17,niah_single_3,1,0.6696428571428571,0.41964285714285715,0,3.3025903701782227,2007.19871456113,32533,-0.6386831402778625,0.12066330015659332
rank1|global_req185|task=niah_single_3|doc=185,niah_single_3,1,0.5758928571428571,0.044642857142857144,0,4.7073073387146,50969.14386061514,32535,-0.7775315642356873,0.119236521422863
rank1|global_req193|task=niah_single_3|doc=193,niah_single_3,1,0.41517857142857145,0.22767857142857142,0,4.239348411560059,17351.954953563145,32530,-0.6251052021980286,0.12685512006282806
rank1|global_req1|task=niah_single_3|doc=1,niah_single_3,1,0.8169642857142857,0.48214285714285715,0,4.623083591461182,41983.97854870601,32540,-0.4412934482097626,0.12516263127326965
rank1|global_req201|task=niah_single_3|doc=201,niah_single_3,1,0.6294642857142857,0.38392857142857145,0,5.172638893127441,148812.3219500052,32533,-0.3145141899585724,0.16422139108181
rank1|global_req209|task=niah_single_3|doc=209,niah_single_3,1,0.53125,0.3705357142857143,0,3.742673635482788,5529.3443273527655,32531,-0.6625179648399353,0.11945484578609467
rank1|global_req217|task=niah_single_3|doc=217,niah_single_3,1,0.5,0.24107142857142858,0,3.5436880588531494,3496.9390180024243,32528,-0.5501918196678162,0.1319519579410553
rank1|global_req225|task=niah_single_3|doc=225,niah_single_3,1,0.75,0.42410714285714285,0,3.4723401069641113,2967.154133155945,32540,-0.551649272441864,0.12544095516204834
rank1|global_req233|task=niah_single_3|doc=233,niah_single_3,1,0.5491071428571429,0.46875,0,3.976231336593628,9467.4132985499,32534,-0.4711132347583771,0.13057681918144226
rank1|global_req241|task=niah_single_3|doc=241,niah_single_3,1,0.33482142857142855,0.21428571428571427,0,3.388218402862549,2444.6596413800694,32531,-0.5641962289810181,0.13108274340629578
rank1|global_req249|task=niah_single_3|doc=249,niah_single_3,1,0.6964285714285714,0.45535714285714285,0,3.367070198059082,2328.4675937759666,32527,-0.6921602487564087,0.11855040490627289
rank1|global_req257|task=niah_single_3|doc=257,niah_single_3,1,0.84375,0.5223214285714286,0,4.127923488616943,13425.284217404427,32530,-0.47145938873291016,0.1369054764509201
rank1|global_req25|task=niah_single_3|doc=25,niah_single_3,1,0.3482142857142857,0.22767857142857142,0,3.6328306198120117,4293.68934940966,32535,-0.31495219469070435,0.141235813498497
rank1|global_req265|task=niah_single_3|doc=265,niah_single_3,1,0.8214285714285714,0.35714285714285715,0,3.4607810974121094,2889.2232259098987,32531,-0.6494113206863403,0.12696564197540283
rank1|global_req273|task=niah_single_3|doc=273,niah_single_3,1,0.5491071428571429,0.3482142857142857,0,3.7841837406158447,6083.92344498221,32535,-0.6658993363380432,0.13089904189109802
rank1|global_req281|task=niah_single_3|doc=281,niah_single_3,1,0.5491071428571429,0.38392857142857145,0,3.891050100326538,7781.26310719794,32534,-0.5759485960006714,0.13855329155921936
rank1|global_req289|task=niah_single_3|doc=289,niah_single_3,1,0.45089285714285715,0.26339285714285715,0,4.500697135925293,31673.578713607916,32539,-0.4957481920719147,0.13530828058719635
rank1|global_req297|task=niah_single_3|doc=297,niah_single_3,1,0.9910714285714286,0.7946428571428571,0,3.736719846725464,5454.059189089962,32532,-0.7000455260276794,0.11541571468114853
rank1|global_req305|task=niah_single_3|doc=305,niah_single_3,2,0.0,0.0,940,3.945413827896118,8818.888016325798,32526,-0.6557134389877319,0.12823408842086792
rank1|global_req313|task=niah_single_3|doc=313,niah_single_3,1,0.71875,0.33482142857142855,0,3.43428111076355,2718.19813877825,32531,-0.7002953290939331,0.12087283283472061
rank1|global_req321|task=niah_single_3|doc=321,niah_single_3,1,0.875,0.6607142857142857,0,3.4309937953948975,2697.700891111843,32540,-0.5741055607795715,0.12154212594032288
rank1|global_req329|task=niah_single_3|doc=329,niah_single_3,1,0.5892857142857143,0.46875,0,4.174121856689453,14932.13324658453,32538,-0.6689297556877136,0.1296798288822174
rank1|global_req337|task=niah_single_3|doc=337,niah_single_3,1,0.7633928571428571,0.4107142857142857,0,3.6276469230651855,4242.744929086216,32529,-0.6152461767196655,0.11820326000452042
rank1|global_req33|task=niah_single_3|doc=33,niah_single_3,1,0.6964285714285714,0.39732142857142855,0,3.8424651622772217,6957.69140073333,32532,-0.6506405472755432,0.12489530444145203
rank1|global_req345|task=niah_single_3|doc=345,niah_single_3,1,0.45089285714285715,0.22767857142857142,0,3.6600234508514404,4571.128719377795,32532,-0.5652172565460205,0.1262391358613968
rank1|global_req353|task=niah_single_3|doc=353,niah_single_3,1,0.6741071428571429,0.35267857142857145,0,3.459338903427124,2879.644680365698,32541,-0.40761563181877136,0.15792837738990784
rank1|global_req361|task=niah_single_3|doc=361,niah_single_3,1,0.7053571428571429,0.35714285714285715,0,4.340631008148193,21909.42642474658,32533,-0.612256646156311,0.12800446152687073
rank1|global_req369|task=niah_single_3|doc=369,niah_single_3,1,0.6741071428571429,0.41517857142857145,0,4.219056606292725,16559.857919261038,32535,-0.48093992471694946,0.13237029314041138
rank1|global_req377|task=niah_single_3|doc=377,niah_single_3,1,0.5982142857142857,0.33482142857142855,0,3.0752625465393066,1189.2209367404803,32530,-0.6250016093254089,0.13053639233112335
rank1|global_req385|task=niah_single_3|doc=385,niah_single_3,1,0.9955357142857143,0.8482142857142857,0,3.8105247020721436,6464.34761273023,32535,-0.7224311828613281,0.11756472289562225
rank1|global_req393|task=niah_single_3|doc=393,niah_single_3,1,0.7098214285714286,0.5,0,3.2360053062438965,1721.889613039249,32543,-0.6224212646484375,0.12309174239635468
rank1|global_req401|task=niah_single_3|doc=401,niah_single_3,1,0.5,0.27232142857142855,0,3.917140245437622,8263.047426537845,32528,-0.4952682852745056,0.13996121287345886
rank1|global_req409|task=niah_single_3|doc=409,niah_single_3,1,0.5625,0.3705357142857143,0,2.883418560028076,764.5723005123142,32528,-0.6290093660354614,0.1304263472557068
rank1|global_req417|task=niah_single_3|doc=417,niah_single_3,1,0.7946428571428571,0.4375,0,4.057171821594238,11407.009982161622,32530,-0.8025654554367065,0.11219338327646255
rank1|global_req41|task=niah_single_3|doc=41,niah_single_3,1,0.3705357142857143,0.22767857142857142,0,3.385498285293579,2429.395850121238,32531,-0.5590298771858215,0.1298215538263321
rank1|global_req425|task=niah_single_3|doc=425,niah_single_3,1,0.6071428571428571,0.3125,0,3.3804588317871094,2401.3686234079955,32533,-0.6349663138389587,0.12390002608299255
rank1|global_req433|task=niah_single_3|doc=433,niah_single_3,1,0.625,0.3125,0,4.009597301483154,10223.445860793023,32529,-0.615074098110199,0.11822691559791565
rank1|global_req441|task=niah_single_3|doc=441,niah_single_3,1,0.5892857142857143,0.4732142857142857,0,3.6148881912231445,4119.914385670598,32536,-0.5211111307144165,0.1384812891483307
rank1|global_req449|task=niah_single_3|doc=449,niah_single_3,1,0.48660714285714285,0.32142857142857145,0,3.8745574951171875,7491.305273888562,32534,-0.7117819786071777,0.11919396370649338
rank1|global_req457|task=niah_single_3|doc=457,niah_single_3,1,0.7053571428571429,0.35714285714285715,0,3.594434976577759,3930.3839402215394,32539,-0.5906994342803955,0.13028377294540405
rank1|global_req465|task=niah_single_3|doc=465,niah_single_3,1,0.36607142857142855,0.25,0,4.870936393737793,74291.0324150783,32532,-0.5709075927734375,0.12487757205963135
rank1|global_req473|task=niah_single_3|doc=473,niah_single_3,1,0.6473214285714286,0.34375,0,4.801655292510986,63336.679686361786,32534,-0.6116989254951477,0.12750935554504395
rank1|global_req481|task=niah_single_3|doc=481,niah_single_3,1,0.6651785714285714,0.45982142857142855,0,3.509005546569824,3228.535354523941,32535,-0.6058773398399353,0.12906110286712646
rank1|global_req489|task=niah_single_3|doc=489,niah_single_3,1,0.44642857142857145,0.19196428571428573,0,3.148437261581421,1407.463890671419,32534,-0.43486377596855164,0.13735100626945496
rank1|global_req497|task=niah_single_3|doc=497,niah_single_3,1,0.5,0.35714285714285715,0,3.3689451217651367,2338.5417176347246,32534,-0.695785403251648,0.1312616914510727
rank1|global_req49|task=niah_single_3|doc=49,niah_single_3,1,0.9419642857142857,0.42410714285714285,0,4.071360111236572,11785.828337524312,32533,-0.3254176378250122,0.137525737285614
rank1|global_req505|task=niah_single_2|doc=5,niah_single_2,1,0.5491071428571429,0.27232142857142855,0,3.7599754333496094,5754.07387460228,32501,-0.6151888966560364,0.1320905089378357
rank1|global_req513|task=niah_single_2|doc=13,niah_single_2,1,0.45535714285714285,0.15625,0,3.814281702041626,6520.512053181784,32504,-0.5967045426368713,0.11974428594112396
rank1|global_req521|task=niah_single_2|doc=21,niah_single_2,1,0.4642857142857143,0.21875,0,3.0317931175231934,1075.952545926981,32507,-0.5529394149780273,0.13164353370666504
rank1|global_req529|task=niah_single_2|doc=29,niah_single_2,1,0.5357142857142857,0.12946428571428573,0,3.518876552581787,3302.7564743958824,32510,-0.6265881657600403,0.14065192639827728
rank1|global_req537|task=niah_single_2|doc=37,niah_single_2,1,0.8169642857142857,0.7723214285714286,0,3.878154754638672,7553.613419457928,32504,-0.6789456605911255,0.11734715849161148
rank1|global_req545|task=niah_single_2|doc=45,niah_single_2,1,0.46875,0.20535714285714285,0,4.245486259460449,17598.929820862297,32504,-0.5442686676979065,0.13471247255802155
rank1|global_req553|task=niah_single_2|doc=53,niah_single_2,1,0.5044642857142857,0.28125,0,3.765292167663574,5824.949541712225,32507,-0.5373286008834839,0.13303034007549286
rank1|global_req561|task=niah_single_2|doc=61,niah_single_2,1,0.4955357142857143,0.16964285714285715,0,4.113554000854492,12988.35052969047,32510,-0.6501965522766113,0.12541824579238892
rank1|global_req569|task=niah_single_2|doc=69,niah_single_2,1,0.3125,0.14732142857142858,0,3.964263439178467,9210.080776698762,32507,-0.5915352702140808,0.12908139824867249
rank1|global_req577|task=niah_single_2|doc=77,niah_single_2,1,0.4017857142857143,0.16964285714285715,0,4.631834506988525,42838.52480624571,32510,-0.5899132490158081,0.13830450177192688
rank1|global_req57|task=niah_single_3|doc=57,niah_single_3,1,0.5625,0.3392857142857143,0,3.956524610519409,9047.41706021205,32528,-0.7267055511474609,0.11615435034036636
rank1|global_req585|task=niah_single_2|doc=85,niah_single_2,1,0.6607142857142857,0.29464285714285715,0,3.8199830055236816,6606.675947675914,32513,-0.6972371339797974,0.1226155161857605
rank1|global_req593|task=niah_single_2|doc=93,niah_single_2,1,0.4732142857142857,0.19642857142857142,0,4.379540920257568,23962.985240472357,32504,-0.651299774646759,0.11475658416748047
rank1|global_req601|task=niah_single_2|doc=101,niah_single_2,2,0.0,0.0,958,3.51519775390625,3274.897818323452,32507,-0.4419671595096588,0.1384981870651245
rank1|global_req609|task=niah_single_2|doc=109,niah_single_2,2,0.0,0.0,960,3.6910765171051025,4909.94375429846,32504,-0.6638392210006714,0.11646392941474915
rank1|global_req617|task=niah_single_2|doc=117,niah_single_2,1,0.4955357142857143,0.17410714285714285,0,3.7969717979431152,6265.731751705743,32507,-0.6808701753616333,0.11962270736694336
rank1|global_req625|task=niah_single_2|doc=125,niah_single_2,1,0.45982142857142855,0.21875,0,3.085415840148926,1217.3510653441595,32504,-0.5712771415710449,0.12394890189170837
rank1|global_req633|task=niah_single_2|doc=133,niah_single_2,1,0.41964285714285715,0.20535714285714285,0,3.74994158744812,5622.65695440749,32504,-0.5859638452529907,0.12301534414291382
rank1|global_req641|task=niah_single_2|doc=141,niah_single_2,1,0.7321428571428571,0.29910714285714285,0,4.831787109375,67887.07694166336,32504,-0.5744412541389465,0.11616802215576172
rank1|global_req649|task=niah_single_2|doc=149,niah_single_2,1,0.5357142857142857,0.16964285714285715,0,4.037919044494629,10912.36903356855,32510,-0.7142063975334167,0.12079203128814697
rank1|global_req657|task=niah_single_2|doc=157,niah_single_2,1,0.26785714285714285,0.07589285714285714,0,4.044607639312744,11081.731905992494,32507,-0.33718588948249817,0.13287685811519623
rank1|global_req65|task=niah_single_3|doc=65,niah_single_3,1,0.6294642857142857,0.3705357142857143,0,4.084563255310059,12149.635679200901,32530,-0.6635733842849731,0.12238684296607971
rank1|global_req665|task=niah_single_2|doc=165,niah_single_2,1,0.35714285714285715,0.19196428571428573,0,4.366966724395752,23279.128863551552,32507,-0.5251734256744385,0.13054659962654114
rank1|global_req673|task=niah_single_2|doc=173,niah_single_2,1,0.49107142857142855,0.14285714285714285,0,3.190938711166382,1552.1679482846014,32507,-0.6259608268737793,0.12672939896583557
rank1|global_req681|task=niah_single_2|doc=181,niah_single_2,1,0.2857142857142857,0.09375,0,3.498386859893799,3150.5535077133873,32504,-0.5604977607727051,0.1213405430316925
rank1|global_req689|task=niah_single_2|doc=189,niah_single_2,1,0.33035714285714285,0.20089285714285715,0,3.3031342029571533,2009.7137458033092,32504,-0.6033371686935425,0.1179136335849762
rank1|global_req697|task=niah_single_2|doc=197,niah_single_2,1,0.47767857142857145,0.21428571428571427,0,3.455108880996704,2851.7331295142317,32504,-0.5459675788879395,0.1238129585981369
rank1|global_req705|task=niah_single_2|doc=205,niah_single_2,1,0.49107142857142855,0.3080357142857143,0,3.311781167984009,2050.128900930544,32504,-0.5832228660583496,0.12972411513328552
rank1|global_req713|task=niah_single_2|doc=213,niah_single_2,1,0.44642857142857145,0.17410714285714285,0,3.8979663848876953,7906.174305326882,32504,-0.6838803291320801,0.11958417296409607
rank1|global_req721|task=niah_single_2|doc=221,niah_single_2,1,0.24107142857142858,0.13839285714285715,0,3.6011407375335693,3991.542313846462,32507,-0.6130125522613525,0.13518080115318298
rank1|global_req729|task=niah_single_2|doc=229,niah_single_2,1,0.41964285714285715,0.15625,0,2.9270501136779785,845.3763883658589,32510,-0.7890012860298157,0.11131618171930313
rank1|global_req737|task=niah_single_2|doc=237,niah_single_2,1,0.3482142857142857,0.11607142857142858,0,3.7189059257507324,5234.870297028309,32504,-0.5330274701118469,0.13026687502861023
rank1|global_req73|task=niah_single_3|doc=73,niah_single_3,1,0.09375,0.08482142857142858,0,3.341505765914917,2195.36009566605,32532,-0.7020353674888611,0.1277291476726532
rank1|global_req745|task=niah_single_2|doc=245,niah_single_2,1,0.38839285714285715,0.22321428571428573,0,3.6559627056121826,4528.586896724845,32513,-0.5578879714012146,0.13588358461856842
rank1|global_req753|task=niah_single_2|doc=253,niah_single_2,1,0.5848214285714286,0.34375,0,3.5885541439056396,3877.5208691816415,32507,-0.5098591446876526,0.1340285837650299
rank1|global_req761|task=niah_single_2|doc=261,niah_single_2,1,0.65625,0.33482142857142855,0,6.36106538772583,2296494.3841225733,32510,-0.7274713516235352,0.12813252210617065
rank1|global_req769|task=niah_single_2|doc=269,niah_single_2,1,0.6294642857142857,0.28125,0,3.7377545833587646,5467.069354895198,32504,-0.7138471603393555,0.11555226147174835
rank1|global_req777|task=niah_single_2|doc=277,niah_single_2,1,0.41964285714285715,0.10714285714285714,0,3.6385128498077393,4350.236318219446,32501,-0.6102641820907593,0.1290774643421173
rank1|global_req785|task=niah_single_2|doc=285,niah_single_2,1,0.5535714285714286,0.30357142857142855,0,3.0194802284240723,1045.8760751012346,32507,-0.6605559587478638,0.13040724396705627
rank1|global_req793|task=niah_single_2|doc=293,niah_single_2,1,0.41517857142857145,0.15178571428571427,0,3.696089029312134,4966.941321031153,32510,-0.5505064725875854,0.11500875651836395
rank1|global_req801|task=niah_single_2|doc=301,niah_single_2,1,0.32142857142857145,0.10267857142857142,0,3.1214308738708496,1322.607173465693,32510,-0.5422287583351135,0.13700604438781738
rank1|global_req809|task=niah_single_2|doc=309,niah_single_2,1,0.5669642857142857,0.2767857142857143,0,3.485243797302246,3056.6365174928487,32507,-0.5730328559875488,0.12641583383083344
rank1|global_req817|task=niah_single_2|doc=317,niah_single_2,1,0.45089285714285715,0.16964285714285715,0,3.893251419067383,7820.804307113637,32504,-0.6320391893386841,0.12404205650091171
rank1|global_req81|task=niah_single_3|doc=81,niah_single_3,1,0.7946428571428571,0.45089285714285715,0,3.8694570064544678,7403.839685515276,32528,-0.6292368769645691,0.12447212636470795
rank1|global_req825|task=niah_single_2|doc=325,niah_single_2,1,0.45535714285714285,0.17410714285714285,0,4.723543643951416,52910.71665869382,32507,-0.6995313763618469,0.1197168305516243
rank1|global_req833|task=niah_single_2|doc=333,niah_single_2,1,0.6875,0.26785714285714285,0,3.1134395599365234,1298.492842096882,32507,-0.6612051129341125,0.12512056529521942
rank1|global_req841|task=niah_single_2|doc=341,niah_single_2,1,0.7991071428571429,0.38392857142857145,0,3.5506041049957275,3553.0727920003305,32510,-0.6031520962715149,0.12472978234291077
rank1|global_req849|task=niah_single_2|doc=349,niah_single_2,1,0.39285714285714285,0.16964285714285715,0,3.590489387512207,3894.837901006391,32507,-0.6881226897239685,0.11938107758760452
rank1|global_req857|task=niah_single_2|doc=357,niah_single_2,1,0.5848214285714286,0.39732142857142855,0,3.9791903495788574,9532.138624001425,32504,-0.6609973907470703,0.1205945760011673
rank1|global_req865|task=niah_single_2|doc=365,niah_single_2,1,0.39732142857142855,0.1875,0,5.6098246574401855,407215.8348148358,32510,-0.539516270160675,0.13059377670288086
rank1|global_req873|task=niah_single_2|doc=373,niah_single_2,1,0.1875,0.12053571428571429,0,4.368081569671631,23338.96376125261,32507,-0.6311787366867065,0.1257931888103485
rank1|global_req881|task=niah_single_2|doc=381,niah_single_2,1,0.5848214285714286,0.29464285714285715,0,3.3068039417266846,2026.7675472842675,32504,-0.7039240598678589,0.11930051445960999
rank1|global_req889|task=niah_single_2|doc=389,niah_single_2,1,0.48214285714285715,0.16517857142857142,0,4.704787254333496,50674.24120920179,32504,-0.7249931693077087,0.11512306332588196
rank1|global_req897|task=niah_single_2|doc=397,niah_single_2,1,0.6741071428571429,0.2544642857142857,0,2.766493558883667,584.1085439871736,32507,-0.5128768682479858,0.1274690330028534
rank1|global_req89|task=niah_single_3|doc=89,niah_single_3,1,0.9776785714285714,0.8125,0,4.000794410705566,10018.308722520072,32536,-0.7181640863418579,0.11678878217935562
rank1|global_req905|task=niah_single_2|doc=405,niah_single_2,1,0.5044642857142857,0.22767857142857142,0,2.8956778049468994,786.4621115001729,32504,-0.5957859754562378,0.12206998467445374
rank1|global_req913|task=niah_single_2|doc=413,niah_single_2,1,0.4375,0.17857142857142858,0,3.875582218170166,7509.001968345974,32507,-0.6018794178962708,0.12572193145751953
rank1|global_req921|task=niah_single_2|doc=421,niah_single_2,1,0.45982142857142855,0.20089285714285715,0,3.594416379928589,3930.215643341439,32507,-0.5951498746871948,0.12545445561408997
rank1|global_req929|task=niah_single_2|doc=429,niah_single_2,2,0.0,0.0,958,3.788011074066162,6137.7765566921735,32507,-0.6215925812721252,0.12001333385705948
rank1|global_req937|task=niah_single_2|doc=437,niah_single_2,2,0.0,0.0,958,3.8633508682250977,7300.470799803909,32507,-0.629682183265686,0.12113438546657562
rank1|global_req945|task=niah_single_2|doc=445,niah_single_2,1,0.5089285714285714,0.25,0,3.617703437805176,4146.707839698506,32510,-0.5419049263000488,0.12167611718177795
rank1|global_req953|task=niah_single_2|doc=453,niah_single_2,1,0.5357142857142857,0.25892857142857145,0,4.264291286468506,18377.705446134434,32504,-0.5413098931312561,0.13150465488433838
rank1|global_req961|task=niah_single_2|doc=461,niah_single_2,1,0.5491071428571429,0.30357142857142855,0,3.6696410179138184,4673.486773383803,32504,-0.6249442100524902,0.12519171833992004
rank1|global_req969|task=niah_single_2|doc=469,niah_single_2,1,0.48660714285714285,0.20089285714285715,0,3.474550485610962,2982.294211769338,32507,-0.5983426570892334,0.14160406589508057
rank1|global_req977|task=niah_single_2|doc=477,niah_single_2,1,0.29017857142857145,0.14285714285714285,0,4.689748764038086,48949.556808838024,32507,-0.5633578300476074,0.13231253623962402
rank1|global_req97|task=niah_single_3|doc=97,niah_single_3,1,0.3392857142857143,0.20089285714285715,0,4.147001266479492,14028.17795420702,32535,-0.5825878977775574,0.12510959804058075
rank1|global_req985|task=niah_single_2|doc=485,niah_single_2,1,0.4330357142857143,0.2767857142857143,0,3.6181766986846924,4151.229067452799,32510,-0.6188672780990601,0.12807528674602509
rank1|global_req993|task=niah_single_2|doc=493,niah_single_2,1,0.3125,0.11607142857142858,0,3.508845090866089,3227.342750776948,32507,-0.5486329793930054,0.12690219283103943
rank1|global_req9|task=niah_single_3|doc=9,niah_single_3,1,0.7098214285714286,0.2767857142857143,0,4.013293743133545,10310.83276959425,32532,-0.4729114770889282,0.13421869277954102
rank2|global_req1002|task=niah_single_1|doc=2,niah_single_1,1,0.5669642857142857,0.5089285714285714,0,4.216701030731201,16470.281833800243,32480,-0.7883490920066833,0.09604067355394363
rank2|global_req1010|task=niah_single_1|doc=10,niah_single_1,1,0.8392857142857143,0.71875,0,4.477688789367676,30039.229531538986,32477,-0.7295483350753784,0.09690745174884796
rank2|global_req1018|task=niah_single_1|doc=18,niah_single_1,1,0.0,0.0,232,4.3209452629089355,20938.485372294257,32477,-0.7979621291160583,0.09824538230895996
rank2|global_req1026|task=niah_single_1|doc=26,niah_single_1,1,0.7857142857142857,0.6741071428571429,0,5.117493629455566,131067.08163610012,32480,-0.6962149143218994,0.09646027535200119
rank2|global_req1034|task=niah_single_1|doc=34,niah_single_1,1,0.9196428571428571,0.15625,0,2.956439733505249,904.5649037031422,32480,-0.6842336654663086,0.11192330718040466
rank2|global_req1042|task=niah_single_1|doc=42,niah_single_1,1,0.59375,0.45089285714285715,0,3.3476614952087402,2226.6989032333768,32480,-0.8991815447807312,0.09117545187473297
rank2|global_req1050|task=niah_single_1|doc=50,niah_single_1,1,0.48214285714285715,0.35267857142857145,0,2.967655658721924,928.2301243895074,32480,-0.7742874026298523,0.10069669038057327
rank2|global_req1058|task=niah_single_1|doc=58,niah_single_1,1,0.8883928571428571,0.7723214285714286,0,5.062138557434082,115382.13145833637,32477,-0.7910835146903992,0.09587056934833527
rank2|global_req1066|task=niah_single_1|doc=66,niah_single_1,1,0.36607142857142855,0.18303571428571427,0,4.079662799835205,12013.313202472142,32474,-0.7728632092475891,0.09206171333789825
rank2|global_req106|task=niah_single_3|doc=106,niah_single_3,1,0.71875,0.35267857142857145,0,5.50160551071167,317398.96826889855,32535,-0.5031082034111023,0.1253843456506729
rank2|global_req1074|task=niah_single_1|doc=74,niah_single_1,1,0.7142857142857143,0.20535714285714285,0,3.350515127182007,2241.3781152619554,32474,-0.8640841245651245,0.08712682127952576
rank2|global_req1082|task=niah_single_1|doc=82,niah_single_1,1,0.9508928571428571,0.9017857142857143,0,9.366389274597168,2324819686.6907554,32480,-0.8174102306365967,0.10026988387107849
rank2|global_req1090|task=niah_single_1|doc=90,niah_single_1,1,0.5133928571428571,0.42857142857142855,0,3.265998125076294,1845.0074539489112,32480,-0.7875258922576904,0.10106681287288666
rank2|global_req1098|task=niah_single_1|doc=98,niah_single_1,1,0.8839285714285714,0.7455357142857143,0,4.26229190826416,18293.29375074704,32477,-0.8283826112747192,0.09352284669876099
rank2|global_req10|task=niah_single_3|doc=10,niah_single_3,1,0.7678571428571429,0.4642857142857143,0,3.9201552867889404,8320.61230602949,32533,-0.5743522047996521,0.13229988515377045
rank2|global_req1106|task=niah_single_1|doc=106,niah_single_1,1,0.6696428571428571,0.5625,0,2.9053843021392822,804.2374677961637,32480,-0.7912276387214661,0.094384104013443
rank2|global_req1114|task=niah_single_1|doc=114,niah_single_1,1,0.7232142857142857,0.6205357142857143,0,3.5139145851135254,3265.2360681194,32483,-0.6707667708396912,0.11689889430999756
rank2|global_req1122|task=niah_single_1|doc=122,niah_single_1,1,0.6607142857142857,0.5669642857142857,0,2.9236183166503906,838.722544167456,32486,-0.5824622511863708,0.10327331721782684
rank2|global_req1130|task=niah_single_1|doc=130,niah_single_1,1,0.875,0.11607142857142858,0,2.927464246749878,846.1829040161396,32480,-0.7857993245124817,0.09394752979278564
rank2|global_req1138|task=niah_single_1|doc=138,niah_single_1,1,0.7991071428571429,0.6071428571428571,0,5.833597183227539,681706.1048423311,32477,-0.8069146275520325,0.08625190705060959
rank2|global_req1146|task=niah_single_1|doc=146,niah_single_1,1,0.7098214285714286,0.6026785714285714,0,3.4873108863830566,3071.2197108248865,32483,-0.7549744844436646,0.09737493097782135
rank2|global_req114|task=niah_single_3|doc=114,niah_single_3,1,0.8035714285714286,0.5133928571428571,0,4.433528900146484,27134.94215741536,32532,-0.6377540230751038,0.1278924196958542
rank2|global_req1154|task=niah_single_1|doc=154,niah_single_1,1,0.5669642857142857,0.39285714285714285,0,3.55248761177063,3568.5156996429664,32477,-0.7669428586959839,0.09588365256786346
rank2|global_req1162|task=niah_single_1|doc=162,niah_single_1,1,0.7455357142857143,0.6696428571428571,0,4.8164753913879395,65535.315022841634,32486,-0.9148286581039429,0.08844173699617386
rank2|global_req1170|task=niah_single_1|doc=170,niah_single_1,1,0.7053571428571429,0.6116071428571429,0,2.9050400257110596,803.600180659382,32480,-0.8170877695083618,0.09611451625823975
rank2|global_req1178|task=niah_single_1|doc=178,niah_single_1,1,0.11607142857142858,0.08928571428571429,0,4.477877140045166,30052.260174445746,32477,-0.8010907769203186,0.09431953728199005
rank2|global_req1186|task=niah_single_1|doc=186,niah_single_1,1,0.8883928571428571,0.8125,0,3.1570043563842773,1435.503832742142,32480,-0.7452364563941956,0.09471306204795837
rank2|global_req1194|task=niah_single_1|doc=194,niah_single_1,1,0.8303571428571429,0.6517857142857143,0,4.089291095733643,12282.62225946837,32477,-0.8580654263496399,0.09069063514471054
rank2|global_req1202|task=niah_single_1|doc=202,niah_single_1,1,0.5491071428571429,0.48660714285714285,0,3.532017946243286,3404.2225659493256,32483,-0.7895347476005554,0.09831021726131439
rank2|global_req1210|task=niah_single_1|doc=210,niah_single_1,1,0.6607142857142857,0.40625,0,5.268630504608154,185622.4517324937,32477,-0.8621379137039185,0.08774159848690033
rank2|global_req1218|task=niah_single_1|doc=218,niah_single_1,1,0.6205357142857143,0.5044642857142857,0,4.828454494476318,67368.13032159823,32477,-0.8197751045227051,0.08834131807088852
rank2|global_req1226|task=niah_single_1|doc=226,niah_single_1,1,0.7366071428571429,0.59375,0,3.7904679775238037,6172.597768842836,32480,-0.7341380715370178,0.09940162301063538
rank2|global_req122|task=niah_single_3|doc=122,niah_single_3,1,0.53125,0.3080357142857143,0,4.438365459442139,27438.821815665728,32526,-0.6029126644134521,0.13650378584861755
rank2|global_req1234|task=niah_single_1|doc=234,niah_single_1,1,0.8794642857142857,0.7053571428571429,0,4.727603912353516,53407.704531951065,32477,-0.8150057196617126,0.09435981512069702
rank2|global_req1242|task=niah_single_1|doc=242,niah_single_1,1,0.5892857142857143,0.5133928571428571,0,5.19478702545166,156598.2936244489,32477,-0.796772837638855,0.0913313627243042
rank2|global_req1250|task=niah_single_1|doc=250,niah_single_1,1,0.9330357142857143,0.7633928571428571,0,3.6251559257507324,4218.479332804891,32483,-0.7591328024864197,0.09816112369298935
rank2|global_req1258|task=niah_single_1|doc=258,niah_single_1,1,0.9508928571428571,0.8348214285714286,0,2.678680896759033,477.17853199051905,32477,-0.8674634099006653,0.08958306908607483
rank2|global_req1266|task=niah_single_1|doc=266,niah_single_1,1,0.875,0.7366071428571429,0,3.718651056289673,5231.799069537353,32483,-0.7029598951339722,0.100255087018013
rank2|global_req1274|task=niah_single_1|doc=274,niah_single_1,1,0.8883928571428571,0.8258928571428571,0,3.383974313735962,2420.8858596708546,32477,-0.8275778293609619,0.09438104927539825
rank2|global_req1282|task=niah_single_1|doc=282,niah_single_1,1,0.9196428571428571,0.7366071428571429,0,5.011749267578125,102742.29619561357,32477,-0.7012329697608948,0.08736615628004074
rank2|global_req1290|task=niah_single_1|doc=290,niah_single_1,1,0.8392857142857143,0.7053571428571429,0,3.9289562702178955,8490.94974047499,32477,-0.8498764038085938,0.09385687112808228
rank2|global_req1298|task=niah_single_1|doc=298,niah_single_1,1,0.6071428571428571,0.5535714285714286,0,2.934438705444336,859.8816981210238,32480,-0.7507798671722412,0.09649546444416046
rank2|global_req1306|task=niah_single_1|doc=306,niah_single_1,1,0.53125,0.23660714285714285,0,4.960719108581543,91352.22057598158,32474,-0.8836396336555481,0.08730213344097137
rank2|global_req130|task=niah_single_3|doc=130,niah_single_3,1,0.29910714285714285,0.2544642857142857,0,3.9523203372955322,8960.254337016953,32536,-0.4730273485183716,0.12567992508411407
rank2|global_req1314|task=niah_single_1|doc=314,niah_single_1,1,0.41964285714285715,0.3125,0,4.12363862991333,13293.478267683206,32474,-0.8947669267654419,0.08617694675922394
rank2|global_req1322|task=niah_single_1|doc=322,niah_single_1,1,0.5982142857142857,0.45535714285714285,0,4.057579517364502,11417.72338856789,32477,-0.7844893336296082,0.09799924492835999
rank2|global_req1330|task=niah_single_1|doc=330,niah_single_1,1,0.8973214285714286,0.8928571428571429,0,4.139695644378662,13794.172236924396,32477,-0.8166984915733337,0.09055446088314056
rank2|global_req1338|task=niah_single_1|doc=338,niah_single_1,1,0.78125,0.6294642857142857,0,2.8920888900756836,779.9897401177732,32480,-0.6985428333282471,0.10964083671569824
rank2|global_req1346|task=niah_single_1|doc=346,niah_single_1,1,0.5446428571428571,0.4642857142857143,0,3.144237995147705,1393.9204677830485,32486,-0.7475551962852478,0.10276198387145996
rank2|global_req1354|task=niah_single_1|doc=354,niah_single_1,1,0.53125,0.3705357142857143,0,3.117626190185547,1311.0709365701823,32480,-0.6951032280921936,0.0987648293375969
rank2|global_req1362|task=niah_single_1|doc=362,niah_single_1,1,0.8214285714285714,0.7232142857142857,0,3.2925925254821777,1961.5190282689132,32474,-0.760683000087738,0.08758208155632019
rank2|global_req1370|task=niah_single_1|doc=370,niah_single_1,1,0.8883928571428571,0.7901785714285714,0,3.413583517074585,2591.692769356738,32483,-0.8157240748405457,0.10028601437807083
rank2|global_req1378|task=niah_single_1|doc=378,niah_single_1,1,0.8928571428571429,0.8125,0,4.1048455238342285,12730.50183505318,32486,-0.7130892872810364,0.10544361174106598
rank2|global_req1386|task=niah_single_1|doc=386,niah_single_1,1,0.6294642857142857,0.40625,0,3.356741428375244,2273.7432792143104,32477,-0.7330067753791809,0.10038834810256958
rank2|global_req138|task=niah_single_3|doc=138,niah_single_3,1,0.35267857142857145,0.24107142857142858,0,3.583975315093994,3836.85436538896,32533,-0.6498820781707764,0.12389373779296875
rank2|global_req1394|task=niah_single_1|doc=394,niah_single_1,1,0.5714285714285714,0.49107142857142855,0,2.9358158111572266,862.61262711856,32480,-0.8119862675666809,0.09855696558952332
rank2|global_req1402|task=niah_single_1|doc=402,niah_single_1,1,0.6830357142857143,0.1875,0,2.7626442909240723,578.95430941218,32483,-0.6366003751754761,0.11003120243549347
rank2|global_req1410|task=niah_single_1|doc=410,niah_single_1,1,0.9330357142857143,0.8616071428571429,0,3.705394744873047,5074.5173868616,32486,-0.6021734476089478,0.10280723124742508
rank2|global_req1418|task=niah_single_1|doc=418,niah_single_1,1,0.7142857142857143,0.5848214285714286,0,3.1368839740753174,1370.515570907582,32483,-0.6052894592285156,0.12442625313997269
rank2|global_req1426|task=niah_single_1|doc=426,niah_single_1,1,0.8392857142857143,0.6875,0,5.246451377868652,176380.82834526192,32477,-0.8160173892974854,0.08986755460500717
rank2|global_req1434|task=niah_single_1|doc=434,niah_single_1,1,0.8169642857142857,0.6875,0,6.375894546508789,2376263.2226998573,32477,-0.8227793574333191,0.09476903080940247
rank2|global_req1442|task=niah_single_1|doc=442,niah_single_1,1,0.7053571428571429,0.6517857142857143,0,3.5982017517089844,3964.621681719506,32477,-0.8480265140533447,0.09013764560222626
rank2|global_req1450|task=niah_single_1|doc=450,niah_single_1,1,0.84375,0.6160714285714286,0,3.6508471965789795,4475.558071470042,32480,-0.6758752465248108,0.0917590856552124
rank2|global_req1458|task=niah_single_1|doc=458,niah_single_1,1,0.7232142857142857,0.5803571428571429,0,3.1823902130126953,1521.9143536125027,32480,-0.6270971894264221,0.11303699016571045
rank2|global_req1466|task=niah_single_1|doc=466,niah_single_1,1,0.8794642857142857,0.08035714285714286,0,3.592376947402954,3911.8027476574202,32480,-0.7712774276733398,0.09453865885734558
rank2|global_req146|task=niah_single_3|doc=146,niah_single_3,1,0.5669642857142857,0.2767857142857143,0,4.976900100708008,94820.03268964763,32540,-0.7287784218788147,0.11379025876522064
rank2|global_req1474|task=niah_single_1|doc=474,niah_single_1,1,0.8348214285714286,0.6875,0,3.8585219383239746,7219.746324618825,32480,-0.7013373374938965,0.09817913174629211
rank2|global_req1482|task=niah_single_1|doc=482,niah_single_1,1,0.45535714285714285,0.35714285714285715,0,5.130243301391602,134971.88132127715,32477,-0.8352802395820618,0.09010051190853119
rank2|global_req1490|task=niah_single_1|doc=490,niah_single_1,1,0.8303571428571429,0.7232142857142857,0,4.4749627113342285,29851.263039970334,32474,-0.7256783843040466,0.08695442974567413
rank2|global_req1498|task=niah_single_1|doc=498,niah_single_1,1,0.78125,0.5848214285714286,0,3.1972906589508057,1575.0366317909538,32483,-0.8969437479972839,0.09524329006671906
rank2|global_req154|task=niah_single_3|doc=154,niah_single_3,1,0.3125,0.22767857142857142,0,3.7677175998687744,5857.571518679347,32532,-0.45928817987442017,0.13567045331001282
rank2|global_req162|task=niah_single_3|doc=162,niah_single_3,1,0.33035714285714285,0.16517857142857142,0,3.7848567962646484,6093.359424165999,32525,-0.6714818477630615,0.12005943059921265
rank2|global_req170|task=niah_single_3|doc=170,niah_single_3,1,0.42857142857142855,0.16964285714285715,0,3.795043706893921,6237.976105929831,32527,-0.6318222284317017,0.12315454334020615
rank2|global_req178|task=niah_single_3|doc=178,niah_single_3,1,0.6339285714285714,0.39732142857142855,0,3.7713558673858643,5906.848979499134,32533,-0.5216862559318542,0.1268259584903717
rank2|global_req186|task=niah_single_3|doc=186,niah_single_3,1,0.7767857142857143,0.3125,0,4.4280290603637695,26793.4760458035,32529,-0.38446906208992004,0.14692267775535583
rank2|global_req18|task=niah_single_3|doc=18,niah_single_3,1,0.6607142857142857,0.4419642857142857,0,3.3212625980377197,2095.3790528968657,32538,-0.5356693863868713,0.13953636586666107
rank2|global_req194|task=niah_single_3|doc=194,niah_single_3,1,0.5669642857142857,0.3482142857142857,0,3.1932332515716553,1560.3903347395933,32532,-0.6416290998458862,0.12035399675369263
rank2|global_req202|task=niah_single_3|doc=202,niah_single_3,1,0.5892857142857143,0.44642857142857145,0,3.8122291564941406,6489.767773280163,32530,-0.5339233875274658,0.12121741473674774
rank2|global_req210|task=niah_single_3|doc=210,niah_single_3,1,0.7276785714285714,0.5133928571428571,0,4.516580581665039,32853.419690045215,32534,-0.6195622086524963,0.12019472569227219
rank2|global_req218|task=niah_single_3|doc=218,niah_single_3,1,0.8348214285714286,0.48214285714285715,0,3.936380386352539,8637.347375804186,32534,-0.5981829762458801,0.12513282895088196
rank2|global_req226|task=niah_single_3|doc=226,niah_single_3,2,0.0,0.0,928,3.1295080184936523,1347.4356031739412,32536,-0.639786958694458,0.12804275751113892
rank2|global_req234|task=niah_single_3|doc=234,niah_single_3,1,0.5267857142857143,0.3080357142857143,0,5.1298651695251465,134854.4150410594,32532,-0.45321428775787354,0.14010441303253174
rank2|global_req242|task=niah_single_3|doc=242,niah_single_3,1,0.5446428571428571,0.3482142857142857,0,3.150561809539795,1414.3660057561378,32534,-0.614543616771698,0.12701156735420227
rank2|global_req250|task=niah_single_3|doc=250,niah_single_3,1,0.8080357142857143,0.3705357142857143,0,3.6755380630493164,4737.378263537326,32529,-0.6166031360626221,0.12701427936553955
rank2|global_req258|task=niah_single_3|doc=258,niah_single_3,1,0.71875,0.33035714285714285,0,2.8857243061065674,768.6423445707984,32537,-0.6900039911270142,0.12525972723960876
rank2|global_req266|task=niah_single_3|doc=266,niah_single_3,1,0.5625,0.30357142857142855,0,3.6172327995300293,4142.2165499649855,32538,-0.5377966165542603,0.1276872754096985
rank2|global_req26|task=niah_single_3|doc=26,niah_single_3,1,0.42410714285714285,0.3482142857142857,0,3.9969029426574707,9928.941288740893,32536,-0.5594761967658997,0.1345798820257187
rank2|global_req274|task=niah_single_3|doc=274,niah_single_3,1,0.6875,0.5267857142857143,0,3.6522576808929443,4490.117240193609,32535,-0.6607643961906433,0.12664100527763367
rank2|global_req282|task=niah_single_3|doc=282,niah_single_3,1,0.38839285714285715,0.125,0,4.447249889373779,28005.92293251639,32525,-0.634573221206665,0.12253174930810928
rank2|global_req290|task=niah_single_3|doc=290,niah_single_3,1,0.5580357142857143,0.29464285714285715,0,4.086480140686035,12203.380161441402,32528,-0.6253016591072083,0.13092046976089478
rank2|global_req298|task=niah_single_3|doc=298,niah_single_3,1,0.5223214285714286,0.35267857142857145,0,5.288092613220215,194129.9815291862,32528,-0.6219071745872498,0.12836867570877075
rank2|global_req2|task=niah_single_3|doc=2,niah_single_3,1,0.3080357142857143,0.17410714285714285,0,2.873314142227173,746.9888893902162,32538,-0.5488390326499939,0.1331978142261505
rank2|global_req306|task=niah_single_3|doc=306,niah_single_3,1,1.0,0.8794642857142857,0,3.7181715965270996,5226.026366682094,32529,-0.7413457036018372,0.11907868087291718
rank2|global_req314|task=niah_single_3|doc=314,niah_single_3,1,0.32589285714285715,0.2544642857142857,0,4.435219764709473,27240.79416950962,32526,-0.6733134984970093,0.12304605543613434
rank2|global_req322|task=niah_single_3|doc=322,niah_single_3,1,0.5892857142857143,0.38839285714285715,0,3.9256627559661865,8426.801346243328,32528,-0.6163375377655029,0.12307482957839966
rank2|global_req330|task=niah_single_3|doc=330,niah_single_3,1,0.5,0.25,0,3.63019061088562,4267.66784699293,32535,-0.6214919090270996,0.12288925796747208
rank2|global_req338|task=niah_single_3|doc=338,niah_single_3,1,0.5491071428571429,0.28125,0,4.087825298309326,12241.236774756358,32539,-0.6722521185874939,0.1258087158203125
rank2|global_req346|task=niah_single_3|doc=346,niah_single_3,1,0.6428571428571429,0.42410714285714285,0,3.449150562286377,2812.875836140529,32529,-0.6873031258583069,0.12291525304317474
rank2|global_req34|task=niah_single_3|doc=34,niah_single_3,1,0.9151785714285714,0.5,0,2.9455130100250244,882.0902262440597,32529,-0.6924439072608948,0.12674592435359955
rank2|global_req354|task=niah_single_3|doc=354,niah_single_3,1,0.6160714285714286,0.40625,0,3.198458194732666,1579.2765789652701,32532,-0.6512262225151062,0.1297241747379303
rank2|global_req362|task=niah_single_3|doc=362,niah_single_3,1,0.6473214285714286,0.42857142857142855,0,3.456618547439575,2861.6633895955642,32535,-0.7156724333763123,0.12662872672080994
rank2|global_req370|task=niah_single_3|doc=370,niah_single_3,1,0.4732142857142857,0.32589285714285715,0,3.375070571899414,2371.759079990674,32533,-0.5114790797233582,0.12995140254497528
rank2|global_req378|task=niah_single_3|doc=378,niah_single_3,1,0.59375,0.38839285714285715,0,3.8745579719543457,7491.313499032624,32531,-0.6076810359954834,0.1289617121219635
rank2|global_req386|task=niah_single_3|doc=386,niah_single_3,1,0.7544642857142857,0.5848214285714286,0,3.1359801292419434,1367.6662478105577,32529,-0.5485520362854004,0.13444650173187256
rank2|global_req394|task=niah_single_3|doc=394,niah_single_3,1,0.5803571428571429,0.40625,0,3.7226951122283936,5280.743975256715,32540,-0.4579525589942932,0.134754478931427
rank2|global_req402|task=niah_single_3|doc=402,niah_single_3,1,0.7098214285714286,0.375,0,4.379197597503662,23944.049270930103,32524,-0.5827809572219849,0.1316603720188141
rank2|global_req410|task=niah_single_3|doc=410,niah_single_3,1,0.6741071428571429,0.39285714285714285,0,4.281942844390869,19140.040146957563,32530,-0.6345966458320618,0.11924474686384201
rank2|global_req418|task=niah_single_3|doc=418,niah_single_3,1,0.375,0.23214285714285715,0,3.6582212448120117,4552.199060454129,32530,-0.6722065806388855,0.11509010940790176
rank2|global_req426|task=niah_single_3|doc=426,niah_single_3,1,0.7946428571428571,0.4955357142857143,0,3.4513192176818848,2826.9570980692124,32529,-0.7939928770065308,0.11128917336463928
rank2|global_req42|task=niah_single_3|doc=42,niah_single_3,1,0.8035714285714286,0.5803571428571429,0,3.422119379043579,2643.135203552746,32530,-0.5879989266395569,0.13000449538230896
rank2|global_req434|task=niah_single_3|doc=434,niah_single_3,1,0.625,0.4017857142857143,0,4.1483540534973145,14071.942552963645,32534,-0.5148900151252747,0.13438758254051208
rank2|global_req442|task=niah_single_3|doc=442,niah_single_3,1,0.38839285714285715,0.27232142857142855,0,3.6035053730010986,4013.3346344625343,32536,-0.614371120929718,0.12318168580532074
rank2|global_req450|task=niah_single_3|doc=450,niah_single_3,1,0.8392857142857143,0.45535714285714285,0,4.148853778839111,14088.143895438825,32533,-0.7755321264266968,0.11665605008602142
rank2|global_req458|task=niah_single_3|doc=458,niah_single_3,1,0.29910714285714285,0.11607142857142858,0,4.945230960845947,88151.75455774841,32538,-0.6201996803283691,0.12234759330749512
rank2|global_req466|task=niah_single_3|doc=466,niah_single_3,1,0.7142857142857143,0.4732142857142857,0,3.727111577987671,5334.719363249243,32536,-0.49710357189178467,0.1280996948480606
rank2|global_req474|task=niah_single_3|doc=474,niah_single_3,1,0.3080357142857143,0.18303571428571427,0,3.6348025798797607,4313.229629195772,32533,-0.5484324097633362,0.1264796406030655
rank2|global_req482|task=niah_single_3|doc=482,niah_single_3,1,0.24553571428571427,0.08035714285714286,0,3.090708017349243,1232.2760771012072,32531,-0.6061254739761353,0.13059554994106293
rank2|global_req490|task=niah_single_3|doc=490,niah_single_3,1,0.5133928571428571,0.25892857142857145,0,3.8760523796081543,7517.135515986391,32530,-0.6352002620697021,0.12533678114414215
rank2|global_req498|task=niah_single_3|doc=498,niah_single_3,1,0.2857142857142857,0.12946428571428573,0,3.429595708847046,2689.0303802749754,32529,-0.6410270929336548,0.12445661425590515
rank2|global_req506|task=niah_single_2|doc=6,niah_single_2,1,0.5401785714285714,0.16517857142857142,0,3.827758312225342,6726.022444792975,32513,-0.4918493628501892,0.13621783256530762
rank2|global_req50|task=niah_single_3|doc=50,niah_single_3,1,0.45982142857142855,0.23660714285714285,0,3.3670060634613037,2328.1237618537193,32525,-0.7747560739517212,0.11416549980640411
rank2|global_req514|task=niah_single_2|doc=14,niah_single_2,1,0.14732142857142858,0.10267857142857142,0,4.399237632751465,25074.808951338968,32507,-0.5869753360748291,0.12681248784065247
rank2|global_req522|task=niah_single_2|doc=22,niah_single_2,1,0.4330357142857143,0.13839285714285715,0,4.144759654998779,13955.958039069623,32513,-0.7212327718734741,0.12061205506324768
rank2|global_req530|task=niah_single_2|doc=30,niah_single_2,1,0.5625,0.14732142857142858,0,3.630980968475342,4275.4415002745845,32507,-0.4747852087020874,0.14404621720314026
rank2|global_req538|task=niah_single_2|doc=38,niah_single_2,1,0.45982142857142855,0.16071428571428573,0,3.869879961013794,7411.053714791995,32504,-0.6474732160568237,0.12847217917442322
rank2|global_req546|task=niah_single_2|doc=46,niah_single_2,1,0.5044642857142857,0.22767857142857142,0,3.793804168701172,6220.19741882196,32504,-0.6670249104499817,0.11586152017116547
rank2|global_req554|task=niah_single_2|doc=54,niah_single_2,1,0.38839285714285715,0.2767857142857143,0,3.9660401344299316,9247.836319638123,32507,-0.3669070899486542,0.1415042281150818
rank2|global_req562|task=niah_single_2|doc=62,niah_single_2,1,0.3080357142857143,0.11160714285714286,0,3.136331796646118,1368.774156016868,32504,-0.5691916346549988,0.12339542806148529
rank2|global_req570|task=niah_single_2|doc=70,niah_single_2,1,0.6116071428571429,0.22767857142857142,0,3.9692459106445312,9316.352461442728,32510,-0.5750777125358582,0.12802791595458984
rank2|global_req578|task=niah_single_2|doc=78,niah_single_2,1,0.6160714285714286,0.26339285714285715,0,3.625119209289551,4218.122705926145,32504,-0.6697465181350708,0.11460046470165253
rank2|global_req586|task=niah_single_2|doc=86,niah_single_2,1,0.17410714285714285,0.09375,0,3.823423385620117,6659.220348777549,32504,-0.6659489870071411,0.11839756369590759
rank2|global_req58|task=niah_single_3|doc=58,niah_single_3,1,0.5178571428571429,0.34375,0,3.0311079025268555,1074.2562832633134,32530,-0.8265310525894165,0.1117980033159256
rank2|global_req594|task=niah_single_2|doc=94,niah_single_2,1,0.48660714285714285,0.23214285714285715,0,4.145490646362305,13979.468066538837,32510,-0.5536361932754517,0.12498970329761505
rank2|global_req602|task=niah_single_2|doc=102,niah_single_2,1,0.53125,0.25,0,4.057700157165527,11420.89548323347,32507,-0.4074011445045471,0.13268689811229706
rank2|global_req610|task=niah_single_2|doc=110,niah_single_2,1,0.48660714285714285,0.21428571428571427,0,3.5784568786621094,3788.4091655805405,32507,-0.6637452244758606,0.13038596510887146
rank2|global_req618|task=niah_single_2|doc=118,niah_single_2,1,0.5580357142857143,0.3080357142857143,0,3.558417320251465,3617.5731384760275,32507,-0.6301819682121277,0.12855467200279236
rank2|global_req626|task=niah_single_2|doc=126,niah_single_2,1,0.5133928571428571,0.2544642857142857,0,3.8233749866485596,6658.478268296709,32504,-0.5787360668182373,0.12607747316360474
rank2|global_req634|task=niah_single_2|doc=134,niah_single_2,1,0.40625,0.16071428571428573,0,3.6072888374328613,4048.4505360148323,32507,-0.5630003809928894,0.13404108583927155
rank2|global_req642|task=niah_single_2|doc=142,niah_single_2,1,0.47767857142857145,0.26339285714285715,0,3.9097769260406494,8124.13115599525,32504,-0.6943030953407288,0.11593560129404068
rank2|global_req650|task=niah_single_2|doc=150,niah_single_2,1,0.5848214285714286,0.25,0,3.3476970195770264,2226.881049934466,32510,-0.538209855556488,0.13631397485733032
rank2|global_req658|task=niah_single_2|doc=158,niah_single_2,1,0.6071428571428571,0.25,0,3.504791736602783,3197.361465869203,32504,-0.5067169070243835,0.12425943464040756
rank2|global_req666|task=niah_single_2|doc=166,niah_single_2,1,0.7098214285714286,0.03125,0,3.5097804069519043,3234.3007908409386,32507,-0.6981140971183777,0.12322879582643509
rank2|global_req66|task=niah_single_3|doc=66,niah_single_3,1,0.6294642857142857,0.32142857142857145,0,3.533898115158081,3418.992240531726,32535,-0.5304332375526428,0.13234156370162964
rank2|global_req674|task=niah_single_2|doc=174,niah_single_2,1,0.29910714285714285,0.17410714285714285,0,3.415973663330078,2605.9955113234237,32510,-0.5501891374588013,0.12693774700164795
rank2|global_req682|task=niah_single_2|doc=182,niah_single_2,1,0.32142857142857145,0.16517857142857142,0,4.274892807006836,18831.842227320332,32504,-0.5741299986839294,0.1290343850851059
rank2|global_req690|task=niah_single_2|doc=190,niah_single_2,1,0.5714285714285714,0.21875,0,4.427876949310303,26784.09331038636,32510,-0.5136774182319641,0.1308942288160324
rank2|global_req698|task=niah_single_2|doc=198,niah_single_2,1,0.5803571428571429,0.33035714285714285,0,2.89288067817688,781.4130829018877,32507,-0.6705064177513123,0.12831296026706696
rank2|global_req706|task=niah_single_2|doc=206,niah_single_2,1,0.29017857142857145,0.16964285714285715,0,3.951998472213745,8953.616157891598,32507,-0.6096880435943604,0.12116273492574692
rank2|global_req714|task=niah_single_2|doc=214,niah_single_2,1,0.5625,0.29464285714285715,0,3.682260751724243,4811.2813253777285,32504,-0.7110238671302795,0.12151874601840973
rank2|global_req722|task=niah_single_2|doc=222,niah_single_2,1,0.6026785714285714,0.38839285714285715,0,3.8172800540924072,6565.6851696546655,32507,-0.5542597770690918,0.1397460699081421
rank2|global_req730|task=niah_single_2|doc=230,niah_single_2,1,0.48660714285714285,0.23214285714285715,0,3.2758257389068604,1887.2339426534588,32504,-0.6168779134750366,0.1301223337650299
rank2|global_req738|task=niah_single_2|doc=238,niah_single_2,1,0.6473214285714286,0.39732142857142855,0,3.600954055786133,3989.8269156617685,32513,-0.6400753259658813,0.11793018877506256
rank2|global_req746|task=niah_single_2|doc=246,niah_single_2,1,0.22321428571428573,0.08482142857142858,0,4.683552265167236,48256.10503725796,32504,-0.5227067470550537,0.1197606697678566
rank2|global_req74|task=niah_single_3|doc=74,niah_single_3,1,0.7589285714285714,0.4642857142857143,0,3.647195816040039,4438.087046682847,32536,-0.7014085054397583,0.12301726639270782
rank2|global_req754|task=niah_single_2|doc=254,niah_single_2,1,0.6160714285714286,0.1875,0,3.685446262359619,4846.701380170913,32501,-0.7811367511749268,0.11778727173805237
rank2|global_req762|task=niah_single_2|doc=262,niah_single_2,1,0.7410714285714286,0.33035714285714285,0,3.8033509254455566,6358.445093923477,32504,-0.5292543768882751,0.13911660015583038
rank2|global_req770|task=niah_single_2|doc=270,niah_single_2,1,0.45535714285714285,0.16071428571428573,0,3.1394217014312744,1378.5473934707259,32507,-0.5876188278198242,0.13392236828804016
rank2|global_req778|task=niah_single_2|doc=278,niah_single_2,1,0.26785714285714285,0.07589285714285714,0,3.574223518371582,3751.6603929788857,32504,-0.6138173341751099,0.13165761530399323
rank2|global_req786|task=niah_single_2|doc=286,niah_single_2,1,0.49107142857142855,0.21428571428571427,0,4.003554821014404,10082.188688509215,32504,-0.702840268611908,0.11539625376462936
rank2|global_req794|task=niah_single_2|doc=294,niah_single_2,1,0.5669642857142857,0.3125,0,3.592047929763794,3908.840322961781,32507,-0.509014368057251,0.14104273915290833
rank2|global_req802|task=niah_single_2|doc=302,niah_single_2,1,0.20982142857142858,0.11160714285714286,0,3.8582959175109863,7215.989914045975,32504,-0.6141408085823059,0.127786785364151
rank2|global_req810|task=niah_single_2|doc=310,niah_single_2,1,0.25,0.10267857142857142,0,4.008332252502441,10193.709490220364,32507,-0.6261995434761047,0.1231529712677002
rank2|global_req818|task=niah_single_2|doc=318,niah_single_2,1,0.36607142857142855,0.22767857142857142,0,4.395166397094727,24840.846838135018,32507,-0.575391411781311,0.12167219817638397
rank2|global_req826|task=niah_single_2|doc=326,niah_single_2,1,0.5401785714285714,0.3392857142857143,0,5.008526802062988,101982.76957804125,32510,-0.7164463400840759,0.1180754005908966
rank2|global_req82|task=niah_single_3|doc=82,niah_single_3,1,0.8035714285714286,0.45089285714285715,0,3.9880781173706055,9729.222093986005,32531,-0.5705114603042603,0.12456505000591278
rank2|global_req834|task=niah_single_2|doc=334,niah_single_2,1,0.7053571428571429,0.23660714285714285,0,3.2376439571380615,1728.3988040695963,32507,-0.49074071645736694,0.1336221992969513
rank2|global_req842|task=niah_single_2|doc=342,niah_single_2,1,0.45535714285714285,0.19642857142857142,0,3.491741895675659,3102.7150742646777,32504,-0.7108055353164673,0.1254355013370514
rank2|global_req850|task=niah_single_2|doc=350,niah_single_2,1,0.4955357142857143,0.10714285714285714,0,4.075738906860352,11905.2606146305,32510,-0.6519872546195984,0.12375778704881668
rank2|global_req858|task=niah_single_2|doc=358,niah_single_2,1,0.41964285714285715,0.19196428571428573,0,3.691671848297119,4916.678924005038,32507,-0.566586434841156,0.14143569767475128
rank2|global_req866|task=niah_single_2|doc=366,niah_single_2,1,0.6607142857142857,0.5848214285714286,0,3.907726764678955,8085.870185510511,32507,-0.5553842782974243,0.1285090148448944
rank2|global_req874|task=niah_single_2|doc=374,niah_single_2,1,0.5044642857142857,0.22767857142857142,0,5.155220985412598,142962.12186635306,32507,-0.7095329761505127,0.12275154888629913
rank2|global_req882|task=niah_single_2|doc=382,niah_single_2,1,0.40625,0.16517857142857142,0,3.883821964263916,7652.8282069788,32501,-0.7281017899513245,0.12188231945037842
rank2|global_req890|task=niah_single_2|doc=390,niah_single_2,1,0.5178571428571429,0.24107142857142858,0,2.811516761779785,647.9131012672486,32504,-0.5560659766197205,0.13560746610164642
rank2|global_req898|task=niah_single_2|doc=398,niah_single_2,1,0.9151785714285714,0.48660714285714285,0,3.6958065032958984,4963.711176846958,32507,-0.6691460013389587,0.1332930624485016
rank2|global_req906|task=niah_single_2|doc=406,niah_single_2,1,0.17410714285714285,0.0625,0,3.503042459487915,3184.5088450586413,32504,-0.6473214030265808,0.12472939491271973
rank2|global_req90|task=niah_single_3|doc=90,niah_single_3,1,0.6517857142857143,0.39285714285714285,0,3.2257602214813232,1681.7452955638075,32536,-0.5437191128730774,0.13093480467796326
rank2|global_req914|task=niah_single_2|doc=414,niah_single_2,1,0.5446428571428571,0.1875,0,4.182901859283447,15237.083913038074,32507,-0.6862305402755737,0.1250581443309784
rank2|global_req922|task=niah_single_2|doc=422,niah_single_2,1,0.7901785714285714,0.3392857142857143,0,3.8001708984375,6312.056802235619,32504,-0.5852667689323425,0.1266964077949524
rank2|global_req930|task=niah_single_2|doc=430,niah_single_2,1,0.36160714285714285,0.14285714285714285,0,4.036449432373047,10875.504999413974,32504,-0.6766847372055054,0.11848045140504837
rank2|global_req938|task=niah_single_2|doc=438,niah_single_2,1,0.5267857142857143,0.20535714285714285,0,3.7765371799468994,5977.742179439076,32507,-0.5586388111114502,0.1264226734638214
rank2|global_req946|task=niah_single_2|doc=446,niah_single_2,1,0.4017857142857143,0.23660714285714285,0,3.690310001373291,4901.285505187634,32504,-0.7325088381767273,0.11918504536151886
rank2|global_req954|task=niah_single_2|doc=454,niah_single_2,1,0.4642857142857143,0.10267857142857142,0,3.9894564151763916,9760.148268482455,32504,-0.6968927383422852,0.11614763736724854
rank2|global_req962|task=niah_single_2|doc=462,niah_single_2,1,0.42857142857142855,0.11607142857142858,0,3.4469423294067383,2798.60966352795,32507,-0.6381872892379761,0.12338371574878693
rank2|global_req970|task=niah_single_2|doc=470,niah_single_2,2,0.0,0.0,958,4.17372465133667,14918.482573993278,32510,-0.5468959212303162,0.11540836095809937
rank2|global_req978|task=niah_single_2|doc=478,niah_single_2,1,0.6607142857142857,0.35267857142857145,0,3.8712968826293945,7435.272375823672,32510,-0.5554991960525513,0.1290762573480606
rank2|global_req986|task=niah_single_2|doc=486,niah_single_2,1,0.20535714285714285,0.07589285714285714,0,3.9040026664733887,8016.829855312332,32507,-0.4399572014808655,0.13607214391231537
rank2|global_req98|task=niah_single_3|doc=98,niah_single_3,1,0.6696428571428571,0.5133928571428571,0,3.618741273880005,4156.629101511796,32531,-0.6030513644218445,0.12555891275405884
rank2|global_req994|task=niah_single_2|doc=494,niah_single_2,1,0.5491071428571429,0.375,0,2.9938771724700928,986.0005846805867,32510,-0.455751895904541,0.13567091524600983
rank3|global_req1003|task=niah_single_1|doc=3,niah_single_1,1,0.4732142857142857,0.36607142857142855,0,3.3015096187591553,2002.2099660672093,32477,-0.8665062785148621,0.0878666490316391
rank3|global_req1011|task=niah_single_1|doc=11,niah_single_1,1,0.59375,0.5044642857142857,0,3.355701208114624,2268.3037361529177,32480,-0.7612533569335938,0.1047123596072197
rank3|global_req1019|task=niah_single_1|doc=19,niah_single_1,1,0.75,0.5625,0,4.425934314727783,26664.553435073238,32477,-0.8042101860046387,0.08952850848436356
rank3|global_req1027|task=niah_single_1|doc=27,niah_single_1,1,0.6160714285714286,0.5580357142857143,0,3.862492561340332,7286.056947410054,32474,-0.7655773162841797,0.0903112068772316
rank3|global_req1035|task=niah_single_1|doc=35,niah_single_1,1,0.3482142857142857,0.22767857142857142,0,4.273743629455566,18782.077552880564,32477,-0.8199464678764343,0.08891214430332184
rank3|global_req1043|task=niah_single_1|doc=43,niah_single_1,1,0.47767857142857145,0.24107142857142858,0,3.9219391345977783,8354.859185392688,32477,-0.8785759806632996,0.08573272824287415
rank3|global_req1051|task=niah_single_1|doc=51,niah_single_1,1,0.6875,0.5535714285714286,0,6.197024822235107,1574072.8285134009,32477,-0.8514748811721802,0.0847572460770607
rank3|global_req1059|task=niah_single_1|doc=59,niah_single_1,1,0.5982142857142857,0.5133928571428571,0,4.434032440185547,27166.42184346526,32477,-0.6881322264671326,0.0933069959282875
rank3|global_req1067|task=niah_single_1|doc=67,niah_single_1,1,0.5223214285714286,0.45089285714285715,0,3.299208402633667,1991.6288222791952,32486,-0.7160453200340271,0.09451569616794586
rank3|global_req1075|task=niah_single_1|doc=75,niah_single_1,1,0.0,0.0,542,3.3073484897613525,2029.3104405276558,32477,-0.8599182963371277,0.09508347511291504
rank3|global_req107|task=niah_single_3|doc=107,niah_single_3,1,0.49107142857142855,0.35714285714285715,0,3.120133638381958,1318.6624466935978,32535,-0.6111778616905212,0.1240374892950058
rank3|global_req1083|task=niah_single_1|doc=83,niah_single_1,1,0.5,0.35267857142857145,0,3.602325916290283,4002.450009428414,32483,-0.7279351949691772,0.1070738136768341
rank3|global_req1091|task=niah_single_1|doc=91,niah_single_1,1,0.38392857142857145,0.2544642857142857,0,5.029505252838135,107029.93282177641,32477,-0.7783216834068298,0.09092823415994644
rank3|global_req1099|task=niah_single_1|doc=99,niah_single_1,1,0.6473214285714286,0.5401785714285714,0,3.807338237762451,6417.091587334373,32477,-0.7619721293449402,0.09653734415769577
rank3|global_req1107|task=niah_single_1|doc=107,niah_single_1,1,0.7098214285714286,0.5401785714285714,0,4.280900478363037,19094.156523932434,32474,-0.7839322090148926,0.08755826950073242
rank3|global_req1115|task=niah_single_1|doc=115,niah_single_1,1,0.8571428571428571,0.7901785714285714,0,4.846090316772461,70160.11896739574,32480,-0.7674109935760498,0.1083763986825943
rank3|global_req1123|task=niah_single_1|doc=123,niah_single_1,1,0.8839285714285714,0.11160714285714286,0,3.5395445823669434,3463.7343964259753,32483,-0.7816464900970459,0.10285285115242004
rank3|global_req1131|task=niah_single_1|doc=131,niah_single_1,1,0.7455357142857143,0.59375,0,5.603294849395752,401138.9647909455,32477,-0.8692299127578735,0.09074234217405319
rank3|global_req1139|task=niah_single_1|doc=139,niah_single_1,1,0.6205357142857143,0.5982142857142857,0,3.838491678237915,6894.323824407211,32483,-0.6712440848350525,0.1144862174987793
rank3|global_req1147|task=niah_single_1|doc=147,niah_single_1,1,0.7723214285714286,0.6428571428571429,0,3.3259780406951904,2118.254026906624,32486,-0.7392103672027588,0.10178447514772415
rank3|global_req1155|task=niah_single_1|doc=155,niah_single_1,1,0.8973214285714286,0.7767857142857143,0,2.9686572551727295,930.3733358297457,32480,-0.7943077683448792,0.09453818947076797
rank3|global_req115|task=niah_single_3|doc=115,niah_single_3,1,0.7901785714285714,0.5357142857142857,0,3.3153159618377686,2066.8833265401186,32530,-0.7036434412002563,0.11565540730953217
rank3|global_req1163|task=niah_single_1|doc=163,niah_single_1,1,0.9330357142857143,0.8705357142857143,0,4.790787696838379,61771.435906628736,32480,-0.6985299587249756,0.0921921655535698
rank3|global_req1171|task=niah_single_1|doc=171,niah_single_1,1,0.8571428571428571,0.7455357142857143,0,3.3383524417877197,2179.477760369555,32483,-0.9205467700958252,0.08823344856500626
rank3|global_req1179|task=niah_single_1|doc=179,niah_single_1,1,0.5848214285714286,0.4955357142857143,0,2.72365665435791,529.2448666934372,32477,-0.7772791385650635,0.09992221742868423
rank3|global_req1187|task=niah_single_1|doc=187,niah_single_1,1,0.7232142857142857,0.5758928571428571,0,4.626432418823242,42308.96670140991,32477,-0.7500633597373962,0.09284628927707672
rank3|global_req1195|task=niah_single_1|doc=195,niah_single_1,1,0.9196428571428571,0.8035714285714286,0,4.417208194732666,26134.13888411497,32480,-0.8323228359222412,0.09632116556167603
rank3|global_req11|task=niah_single_3|doc=11,niah_single_3,1,0.38839285714285715,0.29910714285714285,0,3.7395973205566406,5490.3157368411685,32531,-0.5690612196922302,0.1330411583185196
rank3|global_req1203|task=niah_single_1|doc=203,niah_single_1,1,0.4375,0.026785714285714284,0,2.900999069213867,796.157644079063,32480,-0.7924760580062866,0.10315254330635071
rank3|global_req1211|task=niah_single_1|doc=211,niah_single_1,1,0.4955357142857143,0.26339285714285715,0,3.6144206523895264,4115.48148683215,32477,-0.9231764674186707,0.08976953476667404
rank3|global_req1219|task=niah_single_1|doc=219,niah_single_1,1,0.3482142857142857,0.30357142857142855,0,4.559139251708984,36235.91662395725,32483,-0.6636430621147156,0.10507118701934814
rank3|global_req1227|task=niah_single_1|doc=227,niah_single_1,1,0.7410714285714286,0.6294642857142857,0,3.67610502243042,4743.56681786648,32486,-0.8022841215133667,0.1112559586763382
rank3|global_req1235|task=niah_single_1|doc=235,niah_single_1,1,0.8973214285714286,0.7857142857142857,0,5.066163063049316,116456.32018572096,32477,-0.7685191035270691,0.094931960105896
rank3|global_req123|task=niah_single_3|doc=123,niah_single_3,1,0.5044642857142857,0.25892857142857145,0,3.7996573448181152,6304.597200694831,32538,-0.6724802851676941,0.1223771944642067
rank3|global_req1243|task=niah_single_1|doc=243,niah_single_1,1,0.8214285714285714,0.6607142857142857,0,3.0415639877319336,1100.4339682091872,32480,-0.8113391399383545,0.10111594200134277
rank3|global_req1251|task=niah_single_1|doc=251,niah_single_1,1,0.7008928571428571,0.45535714285714285,0,2.9423863887786865,875.7625886050834,32483,-0.7930300235748291,0.10109665989875793
rank3|global_req1259|task=niah_single_1|doc=259,niah_single_1,1,0.78125,0.6607142857142857,0,4.700719833374023,50201.8629057958,32480,-0.881446361541748,0.08992945402860641
rank3|global_req1267|task=niah_single_1|doc=267,niah_single_1,1,0.875,0.7589285714285714,0,3.3073537349700928,2029.3349497525728,32477,-0.7137150764465332,0.09904690831899643
rank3|global_req1275|task=niah_single_1|doc=275,niah_single_1,1,0.8125,0.6741071428571429,0,3.163098096847534,1455.7878714820083,32480,-0.8728769421577454,0.09540726989507675
rank3|global_req1283|task=niah_single_1|doc=283,niah_single_1,1,0.0,0.0,86,4.071966171264648,11802.286998776834,32477,-0.7319712042808533,0.09241370856761932
rank3|global_req1291|task=niah_single_1|doc=291,niah_single_1,1,0.9866071428571429,0.9330357142857143,0,4.575497150421143,37626.788341640386,32474,-0.8619973659515381,0.1008291020989418
rank3|global_req1299|task=niah_single_1|doc=299,niah_single_1,1,0.30357142857142855,0.14285714285714285,0,3.6896634101867676,4893.993747718384,32483,-0.7400148510932922,0.10172112286090851
rank3|global_req1307|task=niah_single_1|doc=307,niah_single_1,1,0.46875,0.25892857142857145,0,2.6202571392059326,417.11627862279636,32477,-0.9173014163970947,0.08772023022174835
rank3|global_req1315|task=niah_single_1|doc=315,niah_single_1,1,0.6875,0.5758928571428571,0,4.429123878479004,26861.105245461775,32474,-0.8321893811225891,0.08700425922870636
rank3|global_req131|task=niah_single_3|doc=131,niah_single_3,1,0.5982142857142857,0.41964285714285715,0,3.9254403114318848,8422.486265105688,32532,-0.5830869674682617,0.1273166537284851
rank3|global_req1323|task=niah_single_1|doc=323,niah_single_1,1,0.8883928571428571,0.6875,0,3.7252037525177,5311.335710901961,32483,-0.8371421098709106,0.10400615632534027
rank3|global_req1331|task=niah_single_1|doc=331,niah_single_1,1,0.8482142857142857,0.7544642857142857,0,5.212059020996094,162951.74704276214,32480,-0.7829369306564331,0.09598125517368317
rank3|global_req1339|task=niah_single_1|doc=339,niah_single_1,1,0.6517857142857143,0.44642857142857145,0,5.463258743286133,290575.33240291645,32477,-0.9373642802238464,0.08403418958187103
rank3|global_req1347|task=niah_single_1|doc=347,niah_single_1,1,0.45089285714285715,0.39285714285714285,0,4.25985860824585,18191.08521315658,32480,-0.6531484723091125,0.10589532554149628
rank3|global_req1355|task=niah_single_1|doc=355,niah_single_1,1,0.9508928571428571,0.8482142857142857,0,3.738166332244873,5472.255069308733,32480,-0.7444711327552795,0.10347278416156769
rank3|global_req1363|task=niah_single_1|doc=363,niah_single_1,1,0.8794642857142857,0.7544642857142857,0,3.753997802734375,5675.417339857006,32477,-0.80174320936203,0.09300688654184341
rank3|global_req1371|task=niah_single_1|doc=371,niah_single_1,1,0.5133928571428571,0.44642857142857145,0,2.9301302433013916,851.3933296159742,32483,-0.7964860200881958,0.09210813045501709
rank3|global_req1379|task=niah_single_1|doc=379,niah_single_1,1,0.8392857142857143,0.6875,0,2.922945261001587,837.423725582038,32480,-0.7471384406089783,0.09849914908409119
rank3|global_req1387|task=niah_single_1|doc=387,niah_single_1,1,0.6785714285714286,0.5535714285714286,0,2.998819589614868,997.2856950487003,32477,-0.6849744319915771,0.10540038347244263
rank3|global_req1395|task=niah_single_1|doc=395,niah_single_1,1,0.5535714285714286,0.40625,0,3.361480474472046,2298.690359685062,32483,-0.7630194425582886,0.09863830357789993
rank3|global_req139|task=niah_single_3|doc=139,niah_single_3,1,0.20982142857142858,0.13392857142857142,0,3.827211618423462,6717.560994006939,32538,-0.5613470077514648,0.12439760565757751
rank3|global_req1403|task=niah_single_1|doc=403,niah_single_1,1,0.26339285714285715,0.23660714285714285,0,3.3245511054992676,2111.3056285759076,32480,-0.8329557180404663,0.09974967688322067
rank3|global_req1411|task=niah_single_1|doc=411,niah_single_1,1,0.7410714285714286,0.5892857142857143,0,4.126908302307129,13393.93855618072,32477,-0.8437842726707458,0.0884200781583786
rank3|global_req1419|task=niah_single_1|doc=419,niah_single_1,1,0.7589285714285714,0.6383928571428571,0,3.6061673164367676,4038.009314856464,32480,-0.760558009147644,0.11265270411968231
rank3|global_req1427|task=niah_single_1|doc=427,niah_single_1,1,0.6383928571428571,0.5401785714285714,0,3.382268190383911,2411.3940800268506,32483,-0.7736667990684509,0.10145384073257446
rank3|global_req1435|task=niah_single_1|doc=435,niah_single_1,1,0.5625,0.4642857142857143,0,4.299535274505615,19931.283865620728,32477,-0.7890211343765259,0.09783728420734406
rank3|global_req1443|task=niah_single_1|doc=443,niah_single_1,1,0.42410714285714285,0.33035714285714285,0,2.9549291133880615,901.423992959652,32480,-0.8203712701797485,0.09951773285865784
rank3|global_req1451|task=niah_single_1|doc=451,niah_single_1,1,0.9107142857142857,0.7589285714285714,0,4.528695106506348,33782.758337263745,32480,-0.7994778752326965,0.10628753900527954
rank3|global_req1459|task=niah_single_1|doc=459,niah_single_1,1,0.4732142857142857,0.3794642857142857,0,2.8651909828186035,733.1468666672836,32480,-0.6523277759552002,0.11966398358345032
rank3|global_req1467|task=niah_single_1|doc=467,niah_single_1,1,0.8125,0.5848214285714286,0,4.1047868728637695,12728.782711502456,32477,-0.7256891131401062,0.08512575924396515
rank3|global_req1475|task=niah_single_1|doc=475,niah_single_1,1,0.48214285714285715,0.36160714285714285,0,4.390896320343018,24597.803076626005,32477,-0.7687990069389343,0.09168865531682968
rank3|global_req147|task=niah_single_3|doc=147,niah_single_3,1,0.7544642857142857,0.35267857142857145,0,3.3726747035980225,2358.7108435186105,32532,-0.6688048839569092,0.11908768117427826
rank3|global_req1483|task=niah_single_1|doc=483,niah_single_1,1,0.8928571428571429,0.7321428571428571,0,3.231410026550293,1703.7663108868833,32486,-0.7716248631477356,0.09264548122882843
rank3|global_req1491|task=niah_single_1|doc=491,niah_single_1,1,0.7544642857142857,0.6205357142857143,0,4.853095054626465,71300.90703186642,32477,-0.832480251789093,0.08832933008670807
rank3|global_req1499|task=niah_single_1|doc=499,niah_single_1,1,0.8705357142857143,0.7232142857142857,0,4.413376808166504,25904.595082134132,32480,-0.3710998296737671,0.11710964888334274
rank3|global_req155|task=niah_single_3|doc=155,niah_single_3,1,0.40625,0.28125,0,3.623680591583252,4204.173124093731,32529,-0.6002588868141174,0.12839072942733765
rank3|global_req163|task=niah_single_3|doc=163,niah_single_3,1,0.5267857142857143,0.24107142857142858,0,3.644721746444702,4412.87622681755,32530,-0.4866192638874054,0.12931644916534424
rank3|global_req171|task=niah_single_3|doc=171,niah_single_3,1,0.7455357142857143,0.4732142857142857,0,3.6327810287475586,4293.199091122498,32536,-0.5243716239929199,0.12018558382987976
rank3|global_req179|task=niah_single_3|doc=179,niah_single_3,1,0.45535714285714285,0.3169642857142857,0,4.091996192932129,12359.3659905601,32532,-0.6472222208976746,0.12286783009767532
rank3|global_req187|task=niah_single_3|doc=187,niah_single_3,1,0.90625,0.4419642857142857,0,3.747131109237671,5586.388168537303,32540,-0.7210192084312439,0.11299994587898254
rank3|global_req195|task=niah_single_3|doc=195,niah_single_3,1,0.7946428571428571,0.5491071428571429,0,3.9014227390289307,7969.347033266493,32525,-0.7767490744590759,0.11829138547182083
rank3|global_req19|task=niah_single_3|doc=19,niah_single_3,1,0.42857142857142855,0.2767857142857143,0,3.943589925765991,8781.929084131129,32527,-0.7484923005104065,0.11780231446027756
rank3|global_req203|task=niah_single_3|doc=203,niah_single_3,1,0.29017857142857145,0.16964285714285715,0,3.526202917098999,3358.945188862885,32536,-0.7321163415908813,0.12283822894096375
rank3|global_req211|task=niah_single_3|doc=211,niah_single_3,1,0.45535714285714285,0.24107142857142858,0,3.3349759578704834,2162.598801000129,32536,-0.5635598301887512,0.1284283697605133
rank3|global_req219|task=niah_single_3|doc=219,niah_single_3,1,0.6071428571428571,0.35714285714285715,0,3.2203476428985596,1660.915901020797,32535,-0.520402193069458,0.13345704972743988
rank3|global_req227|task=niah_single_3|doc=227,niah_single_3,1,0.7946428571428571,0.36607142857142855,0,3.868637800216675,7389.887044934553,32531,-0.7243058085441589,0.12283602356910706
rank3|global_req235|task=niah_single_3|doc=235,niah_single_3,1,0.5803571428571429,0.2544642857142857,0,3.68121337890625,4799.692106693438,32530,-0.6093246340751648,0.12357737869024277
rank3|global_req243|task=niah_single_3|doc=243,niah_single_3,1,0.5758928571428571,0.2767857142857143,0,3.6906325817108154,4904.92737890278,32521,-0.6840278506278992,0.1229056864976883
rank3|global_req251|task=niah_single_3|doc=251,niah_single_3,1,0.7991071428571429,0.40625,0,4.161908149719238,14518.045384923767,32533,-0.5839409232139587,0.12386380136013031
rank3|global_req259|task=niah_single_3|doc=259,niah_single_3,1,0.6517857142857143,0.3794642857142857,0,4.037696361541748,10906.775189344293,32531,-0.6644659638404846,0.12390659749507904
rank3|global_req267|task=niah_single_3|doc=267,niah_single_3,1,0.3392857142857143,0.19642857142857142,0,3.79706072807312,6267.014911903098,32532,-0.6907101273536682,0.11894600093364716
rank3|global_req275|task=niah_single_3|doc=275,niah_single_3,1,0.8080357142857143,0.5892857142857143,0,4.3984880447387695,25031.567405202255,32535,-0.7020693421363831,0.11703179031610489
rank3|global_req27|task=niah_single_3|doc=27,niah_single_3,1,0.6517857142857143,0.33482142857142855,0,4.266557693481445,18473.86193058554,32532,-0.6501581072807312,0.1248280256986618
rank3|global_req283|task=niah_single_3|doc=283,niah_single_3,1,0.7008928571428571,0.4375,0,2.906205177307129,805.759022640774,32531,-0.6506534814834595,0.12038569152355194
rank3|global_req291|task=niah_single_3|doc=291,niah_single_3,2,0.0,0.0,928,2.346687078475952,222.1708509641486,32537,-0.7430037260055542,0.13320250809192657
rank3|global_req299|task=niah_single_3|doc=299,niah_single_3,1,0.53125,0.33482142857142855,0,3.3185253143310547,2082.2137705948912,32526,-0.5024773478507996,0.12639616429805756
rank3|global_req307|task=niah_single_3|doc=307,niah_single_3,1,0.9821428571428571,0.8392857142857143,0,4.546153545379639,35168.47571547256,32534,-0.7891640067100525,0.11473444104194641
rank3|global_req315|task=niah_single_3|doc=315,niah_single_3,1,0.5714285714285714,0.3794642857142857,0,4.160868167877197,14483.321388093984,32533,-0.6192379593849182,0.12905633449554443
rank3|global_req323|task=niah_single_3|doc=323,niah_single_3,1,0.5669642857142857,0.33482142857142855,0,4.6314473152160645,42800.34948199848,32525,-0.5037810802459717,0.14114513993263245
rank3|global_req331|task=niah_single_3|doc=331,niah_single_3,1,0.8035714285714286,0.5267857142857143,0,4.2720746994018555,18710.039286019404,32532,-0.45284542441368103,0.13095532357692719
rank3|global_req339|task=niah_single_3|doc=339,niah_single_3,1,0.8214285714285714,0.5580357142857143,0,3.736314535140991,5448.971484201759,32528,-0.6406614780426025,0.13199667632579803
rank3|global_req347|task=niah_single_3|doc=347,niah_single_3,1,0.7857142857142857,0.5580357142857143,0,3.6963999271392822,4970.498271871713,32527,-0.6446899771690369,0.11939985305070877
rank3|global_req355|task=niah_single_3|doc=355,niah_single_3,1,0.9330357142857143,0.5133928571428571,0,3.4106040000915527,2573.973077543782,32529,-0.6639487743377686,0.11885130405426025
rank3|global_req35|task=niah_single_3|doc=35,niah_single_3,1,0.5848214285714286,0.20982142857142858,0,3.8785386085510254,7560.292679558063,32527,-0.4887605309486389,0.1502164900302887
rank3|global_req363|task=niah_single_3|doc=363,niah_single_3,1,0.6919642857142857,0.45089285714285715,0,3.4210851192474365,2636.8481424160204,32528,-0.5024106502532959,0.12674416601657867
rank3|global_req371|task=niah_single_3|doc=371,niah_single_3,1,0.6428571428571429,0.32589285714285715,0,3.1545917987823486,1427.551546281664,32529,-0.6324766278266907,0.13245707750320435
rank3|global_req379|task=niah_single_3|doc=379,niah_single_3,1,0.8526785714285714,0.5357142857142857,0,4.862869739532471,72923.87526330928,32531,-0.6678952574729919,0.12322676181793213
rank3|global_req387|task=niah_single_3|doc=387,niah_single_3,2,0.0,0.0,932,3.149542808532715,1411.0513173399042,32532,-0.7118695974349976,0.12444621324539185
rank3|global_req395|task=niah_single_3|doc=395,niah_single_3,1,0.5714285714285714,0.45089285714285715,0,3.7342958450317383,5423.702317241636,32527,-0.6973369121551514,0.11933904886245728
rank3|global_req3|task=niah_single_3|doc=3,niah_single_3,1,0.33482142857142855,0.20982142857142858,0,3.9499993324279785,8912.49568156097,32531,-0.5845359563827515,0.12809449434280396
rank3|global_req403|task=niah_single_3|doc=403,niah_single_3,1,0.6339285714285714,0.45535714285714285,0,3.0572214126586914,1140.831259614639,32529,-0.5631647706031799,0.1256658285856247
rank3|global_req411|task=niah_single_3|doc=411,niah_single_3,1,0.42857142857142855,0.32589285714285715,0,3.3842062950134277,2422.179337335612,32533,-0.7290106415748596,0.12140984833240509
rank3|global_req419|task=niah_single_3|doc=419,niah_single_3,1,0.5580357142857143,0.3080357142857143,0,5.263726234436035,183538.10122264776,32533,-0.5591321587562561,0.13365992903709412
rank3|global_req427|task=niah_single_3|doc=427,niah_single_3,1,0.5,0.25892857142857145,0,4.648655891418457,44530.32772968624,32529,-0.5160564184188843,0.12414933741092682
rank3|global_req435|task=niah_single_3|doc=435,niah_single_3,1,0.8080357142857143,0.6160714285714286,0,4.112430095672607,12954.781597118383,32535,-0.43193766474723816,0.1277567446231842
rank3|global_req43|task=niah_single_3|doc=43,niah_single_3,1,0.3482142857142857,0.22767857142857142,0,4.39967679977417,25100.177910230632,32533,-0.5610012412071228,0.12476518005132675
rank3|global_req443|task=niah_single_3|doc=443,niah_single_3,1,0.5178571428571429,0.28125,0,3.7965385913848877,6259.484831996337,32537,-0.6454838514328003,0.11998923122882843
rank3|global_req451|task=niah_single_3|doc=451,niah_single_3,1,0.5223214285714286,0.24553571428571427,0,3.842128038406372,6952.2925439773435,32529,-0.49422594904899597,0.14009085297584534
rank3|global_req459|task=niah_single_3|doc=459,niah_single_3,1,0.5848214285714286,0.29910714285714285,0,3.567021131515503,3689.9555239149395,32532,-0.49683746695518494,0.13404437899589539
rank3|global_req467|task=niah_single_3|doc=467,niah_single_3,1,0.5848214285714286,0.29017857142857145,0,4.521481990814209,33226.30067484473,32533,-0.6740913391113281,0.12010183930397034
rank3|global_req475|task=niah_single_3|doc=475,niah_single_3,1,0.36607142857142855,0.20982142857142858,0,3.511451244354248,3246.7679059901843,32529,-0.6152316927909851,0.1305975764989853
rank3|global_req483|task=niah_single_3|doc=483,niah_single_3,1,0.5357142857142857,0.375,0,3.6051981449127197,4029.008140902758,32536,-0.5284172892570496,0.1324932724237442
rank3|global_req491|task=niah_single_3|doc=491,niah_single_3,1,0.7232142857142857,0.5892857142857143,0,3.449932813644409,2817.9469546645114,32533,-0.7500823140144348,0.11892978847026825
rank3|global_req499|task=niah_single_3|doc=499,niah_single_3,1,0.9196428571428571,0.4955357142857143,0,4.952066898345947,89550.26973859819,32531,-0.7332030534744263,0.11499449610710144
rank3|global_req507|task=niah_single_2|doc=7,niah_single_2,1,0.39732142857142855,0.07142857142857142,0,4.077536106109619,11954.62909208262,32507,-0.5601688623428345,0.126493901014328
rank3|global_req515|task=niah_single_2|doc=15,niah_single_2,1,0.39285714285714285,0.08928571428571429,0,3.512028455734253,3251.0859837173093,32507,-0.6315127611160278,0.12611442804336548
rank3|global_req51|task=niah_single_3|doc=51,niah_single_3,1,0.7232142857142857,0.4955357142857143,0,3.7933828830718994,6214.166466758733,32534,-0.6500074863433838,0.12487222999334335
rank3|global_req523|task=niah_single_2|doc=23,niah_single_2,1,0.5580357142857143,0.22767857142857142,0,3.5037827491760254,3189.941724219938,32510,-0.6150657534599304,0.12332110106945038
rank3|global_req531|task=niah_single_2|doc=31,niah_single_2,1,0.49107142857142855,0.16964285714285715,0,2.9514691829681396,894.2710732447395,32501,-0.6497268676757812,0.12862680852413177
rank3|global_req539|task=niah_single_2|doc=39,niah_single_2,1,0.5758928571428571,0.2544642857142857,0,3.7141313552856445,5177.63409294302,32507,-0.586634635925293,0.12069392949342728
rank3|global_req547|task=niah_single_2|doc=47,niah_single_2,2,0.0,0.0,960,3.393995761871338,2477.39788145183,32504,-0.6739866137504578,0.11379925906658173
rank3|global_req555|task=niah_single_2|doc=55,niah_single_2,1,0.20089285714285715,0.11607142857142858,0,3.571244478225708,3726.0139644716005,32504,-0.6392031908035278,0.11993208527565002
rank3|global_req563|task=niah_single_2|doc=63,niah_single_2,1,0.3080357142857143,0.07589285714285714,0,4.316590309143066,20729.57074762032,32504,-0.7067155241966248,0.1172826886177063
rank3|global_req571|task=niah_single_2|doc=71,niah_single_2,1,0.36160714285714285,0.16517857142857142,0,3.6290550231933594,4256.523379895327,32504,-0.6219760179519653,0.12153879553079605
rank3|global_req579|task=niah_single_2|doc=79,niah_single_2,1,0.5178571428571429,0.24553571428571427,0,4.543595314025879,34961.92316418302,32504,-0.5897623896598816,0.12072848528623581
rank3|global_req587|task=niah_single_2|doc=87,niah_single_2,1,0.8348214285714286,0.12053571428571429,0,4.133339881896973,13593.768882583432,32507,-0.5545186400413513,0.12726791203022003
rank3|global_req595|task=niah_single_2|doc=95,niah_single_2,1,0.5,0.16071428571428573,0,3.6358909606933594,4324.0525243155425,32507,-0.5796340107917786,0.13431233167648315
rank3|global_req59|task=niah_single_3|doc=59,niah_single_3,1,0.7410714285714286,0.4107142857142857,0,4.423835277557373,26535.988943456694,32529,-0.600206196308136,0.12470383197069168
rank3|global_req603|task=niah_single_2|doc=103,niah_single_2,1,0.30357142857142855,0.15178571428571427,0,3.168501377105713,1474.013214919453,32504,-0.5728892683982849,0.12539689242839813
rank3|global_req611|task=niah_single_2|doc=111,niah_single_2,1,0.29017857142857145,0.09821428571428571,0,3.7771990299224854,5986.858999702385,32510,-0.5197488069534302,0.1266823709011078
rank3|global_req619|task=niah_single_2|doc=119,niah_single_2,1,0.8526785714285714,0.4107142857142857,0,4.948924541473389,88904.6632870833,32510,-0.7361577153205872,0.1234622523188591
rank3|global_req627|task=niah_single_2|doc=127,niah_single_2,1,0.24553571428571427,0.08482142857142858,0,3.5995242595672607,3976.713096613379,32513,-0.5986199975013733,0.129704549908638
rank3|global_req635|task=niah_single_2|doc=135,niah_single_2,1,0.36160714285714285,0.18303571428571427,0,4.7573676109313965,57196.2572665046,32507,-0.5918987393379211,0.12176692485809326
rank3|global_req643|task=niah_single_2|doc=143,niah_single_2,1,0.48214285714285715,0.19642857142857142,0,3.763756513595581,5804.389042739664,32507,-0.6405278444290161,0.13032931089401245
rank3|global_req651|task=niah_single_2|doc=151,niah_single_2,1,0.38839285714285715,0.21428571428571427,0,3.8244593143463135,6675.123640218303,32507,-0.631455659866333,0.11863557994365692
rank3|global_req659|task=niah_single_2|doc=159,niah_single_2,1,0.30357142857142855,0.07142857142857142,0,3.1789040565490723,1509.7465871840652,32504,-0.6487330794334412,0.12576508522033691
rank3|global_req667|task=niah_single_2|doc=167,niah_single_2,1,0.5178571428571429,0.1875,0,3.7550289630889893,5688.908688977194,32504,-0.7519707083702087,0.1149682104587555
rank3|global_req675|task=niah_single_2|doc=175,niah_single_2,1,0.7232142857142857,0.4330357142857143,0,3.315375328063965,2067.1658800955424,32513,-0.5559931993484497,0.11868752539157867
rank3|global_req67|task=niah_single_3|doc=67,niah_single_3,1,0.53125,0.44642857142857145,0,4.110578536987305,12899.668119499609,32534,-0.49265146255493164,0.1305694282054901
rank3|global_req683|task=niah_single_2|doc=183,niah_single_2,1,0.5267857142857143,0.26339285714285715,0,3.8976221084594727,7899.909360720725,32507,-0.6589815616607666,0.12118658423423767
rank3|global_req691|task=niah_single_2|doc=191,niah_single_2,1,0.44642857142857145,0.20535714285714285,0,3.90000319480896,7943.340780780458,32504,-0.6370997428894043,0.12557923793792725
rank3|global_req699|task=niah_single_2|doc=199,niah_single_2,1,0.29910714285714285,0.13839285714285715,0,3.471750259399414,2963.126956359241,32504,-0.6298636198043823,0.12088664621114731
rank3|global_req707|task=niah_single_2|doc=207,niah_single_2,1,0.33482142857142855,0.12946428571428573,0,3.4295032024383545,2688.457667374033,32504,-0.6211032867431641,0.11802030354738235
rank3|global_req715|task=niah_single_2|doc=215,niah_single_2,1,0.45982142857142855,0.1875,0,3.9498910903930664,8910.274639160378,32510,-0.40082496404647827,0.14144769310951233
rank3|global_req723|task=niah_single_2|doc=223,niah_single_2,1,0.25,0.11160714285714286,0,3.9989209175109863,9975.184050071874,32504,-0.6067606210708618,0.12126021832227707
rank3|global_req731|task=niah_single_2|doc=231,niah_single_2,1,0.3125,0.09821428571428571,0,3.5443668365478516,3502.408809138801,32504,-0.5235499739646912,0.1353035420179367
rank3|global_req739|task=niah_single_2|doc=239,niah_single_2,1,0.5758928571428571,0.33482142857142855,0,4.189651966094971,15475.759290382151,32510,-0.6548189520835876,0.1162509024143219
rank3|global_req747|task=niah_single_2|doc=247,niah_single_2,1,0.6919642857142857,0.03125,0,3.4652090072631836,2918.831384102913,32507,-0.6160508990287781,0.1320883333683014
rank3|global_req755|task=niah_single_2|doc=255,niah_single_2,1,0.4330357142857143,0.14732142857142858,0,4.227725982666016,16893.746873399865,32510,-0.6639633178710938,0.123016357421875
rank3|global_req75|task=niah_single_3|doc=75,niah_single_3,1,0.9151785714285714,0.49107142857142855,0,4.441046714782715,27608.748130920267,32526,-0.6154188513755798,0.1289549469947815
rank3|global_req763|task=niah_single_2|doc=263,niah_single_2,1,0.3392857142857143,0.08482142857142858,0,4.0698161125183105,11744.001891457585,32507,-0.5583460330963135,0.12327876687049866
rank3|global_req771|task=niah_single_2|doc=271,niah_single_2,1,0.44642857142857145,0.25,0,3.8207972049713135,6619.073520297771,32507,-0.6243243217468262,0.12248159199953079
rank3|global_req779|task=niah_single_2|doc=279,niah_single_2,1,0.5044642857142857,0.28125,0,3.26653790473938,1847.302018339485,32507,-0.626364529132843,0.13502004742622375
rank3|global_req787|task=niah_single_2|doc=287,niah_single_2,1,0.45535714285714285,0.20982142857142858,0,4.270143508911133,18627.025491645476,32507,-0.6641349792480469,0.1254836618900299
rank3|global_req795|task=niah_single_2|doc=295,niah_single_2,1,0.15178571428571427,0.0625,0,5.655538082122803,452416.1317550835,32510,-0.6216514706611633,0.12293626368045807
rank3|global_req803|task=niah_single_2|doc=303,niah_single_2,1,0.6116071428571429,0.32589285714285715,0,3.7904393672943115,6172.191147001545,32510,-0.46913546323776245,0.1493205428123474
rank3|global_req811|task=niah_single_2|doc=311,niah_single_2,1,0.28125,0.12946428571428573,0,4.089831829071045,12297.924686763878,32513,-0.6614338159561157,0.1234801858663559
rank3|global_req819|task=niah_single_2|doc=319,niah_single_2,1,0.18303571428571427,0.07589285714285714,0,4.508777141571045,32268.378433479604,32510,-0.39274272322654724,0.13117116689682007
rank3|global_req827|task=niah_single_2|doc=327,niah_single_2,1,0.38392857142857145,0.20982142857142858,0,5.65947961807251,456540.82372617396,32507,-0.5805982947349548,0.1361803561449051
rank3|global_req835|task=niah_single_2|doc=335,niah_single_2,1,0.6071428571428571,0.3482142857142857,0,3.4691407680511475,2945.3761650961783,32507,-0.6898571848869324,0.12003041803836823
rank3|global_req83|task=niah_single_3|doc=83,niah_single_3,1,0.3794642857142857,0.29910714285714285,0,3.8285558223724365,6738.3850225020415,32529,-0.5919557809829712,0.12415140867233276
rank3|global_req843|task=niah_single_2|doc=343,niah_single_2,1,0.6339285714285714,0.38392857142857145,0,4.343424320220947,22050.79847612583,32507,-0.5947441458702087,0.13946828246116638
rank3|global_req851|task=niah_single_2|doc=351,niah_single_2,1,0.47767857142857145,0.15625,0,4.108449935913086,12836.597857246878,32504,-0.6509698033332825,0.12265681475400925
rank3|global_req859|task=niah_single_2|doc=359,niah_single_2,1,0.5714285714285714,0.2544642857142857,0,4.1400322914123535,13804.869051303041,32507,-0.6804894804954529,0.12115029990673065
rank3|global_req867|task=niah_single_2|doc=367,niah_single_2,1,0.36607142857142855,0.22321428571428573,0,3.2700705528259277,1862.38966452564,32507,-0.6507202982902527,0.12969884276390076
rank3|global_req875|task=niah_single_2|doc=375,niah_single_2,1,0.36607142857142855,0.2544642857142857,0,3.6536242961883545,4504.268761629242,32504,-0.639589250087738,0.12771423161029816
rank3|global_req883|task=niah_single_2|doc=383,niah_single_2,1,0.5803571428571429,0.36160714285714285,0,3.899494171142578,7934.036080865773,32504,-0.6083533763885498,0.1276780217885971
rank3|global_req891|task=niah_single_2|doc=391,niah_single_2,1,0.34375,0.125,0,3.896167516708374,7873.4942871468975,32504,-0.6350728273391724,0.1293908655643463
rank3|global_req899|task=niah_single_2|doc=399,niah_single_2,1,0.5044642857142857,0.30357142857142855,0,3.9088261127471924,8106.364219916403,32507,-0.631062388420105,0.12457756698131561
rank3|global_req907|task=niah_single_2|doc=407,niah_single_2,1,0.6428571428571429,0.4107142857142857,0,4.019463539123535,10458.358843885047,32507,-0.6950927972793579,0.12747541069984436
rank3|global_req915|task=niah_single_2|doc=415,niah_single_2,1,0.5669642857142857,0.34375,0,4.753121376037598,56639.7562949119,32510,-0.6106201410293579,0.1209980845451355
rank3|global_req91|task=niah_single_3|doc=91,niah_single_3,1,0.8035714285714286,0.4107142857142857,0,3.3617849349975586,2300.3024129776936,32530,-0.6123510003089905,0.12603816390037537
rank3|global_req923|task=niah_single_2|doc=423,niah_single_2,1,0.38839285714285715,0.14285714285714285,0,3.864175796508789,7314.350985633366,32504,-0.657931387424469,0.12163925170898438
rank3|global_req931|task=niah_single_2|doc=431,niah_single_2,1,0.5357142857142857,0.23214285714285715,0,3.8653550148010254,7334.238267777293,32507,-0.7350640892982483,0.11338840425014496
rank3|global_req939|task=niah_single_2|doc=439,niah_single_2,1,0.29910714285714285,0.17857142857142858,0,3.3505918979644775,2241.774361515388,32510,-0.6178940534591675,0.13118895888328552
rank3|global_req947|task=niah_single_2|doc=447,niah_single_2,1,0.6651785714285714,0.32142857142857145,0,3.6813886165618896,4801.6291713800665,32504,-0.4472050070762634,0.12795379757881165
rank3|global_req955|task=niah_single_2|doc=455,niah_single_2,1,0.7455357142857143,0.30357142857142855,0,3.078674077987671,1198.5994607949458,32510,-0.4310917258262634,0.1320686936378479
rank3|global_req963|task=niah_single_2|doc=463,niah_single_2,1,0.38392857142857145,0.25892857142857145,0,4.422220230102539,26437.49058778033,32507,-0.5090150237083435,0.13830074667930603
rank3|global_req971|task=niah_single_2|doc=471,niah_single_2,1,0.5044642857142857,0.25892857142857145,0,2.9398813247680664,870.7256231171679,32507,-0.5193850994110107,0.13778790831565857
rank3|global_req979|task=niah_single_2|doc=479,niah_single_2,1,0.59375,0.2544642857142857,0,3.2810251712799072,1909.9639549856681,32504,-0.6329858899116516,0.12607814371585846
rank3|global_req987|task=niah_single_2|doc=487,niah_single_2,1,0.6696428571428571,0.28125,0,3.526853561401367,3363.9812106421014,32507,-0.5185067057609558,0.12893004715442657
rank3|global_req995|task=niah_single_2|doc=495,niah_single_2,1,0.5580357142857143,0.2544642857142857,0,3.579244613647461,3795.286919426749,32504,-0.637284517288208,0.11679567396640778
rank3|global_req99|task=niah_single_3|doc=99,niah_single_3,1,0.35267857142857145,0.12053571428571429,0,4.765024185180664,58213.56350915589,32530,-0.6285012364387512,0.12552227079868317
rank4|global_req1004|task=niah_single_1|doc=4,niah_single_1,1,0.7991071428571429,0.7053571428571429,0,3.9908933639526367,9792.49512359293,32480,-0.5758247971534729,0.10612711310386658
rank4|global_req100|task=niah_single_3|doc=100,niah_single_3,1,0.39285714285714285,0.22767857142857142,0,3.8735511302948,7473.966214020901,32528,-0.6832488775253296,0.1224382072687149
rank4|global_req1012|task=niah_single_1|doc=12,niah_single_1,1,0.9642857142857143,0.8571428571428571,0,6.661025047302246,4581683.101431077,32474,-0.7469065189361572,0.09783488512039185
rank4|global_req1020|task=niah_single_1|doc=20,niah_single_1,1,0.8973214285714286,0.8303571428571429,0,3.881387233734131,7610.045155422589,32483,-0.780290961265564,0.09132593870162964
rank4|global_req1028|task=niah_single_1|doc=28,niah_single_1,1,0.7857142857142857,0.5892857142857143,0,3.111377477645874,1292.3420562276367,32483,-0.7965328097343445,0.09210166335105896
rank4|global_req1036|task=niah_single_1|doc=36,niah_single_1,1,0.6473214285714286,0.5446428571428571,0,5.726846694946289,533146.6625976592,32477,-0.8691089749336243,0.08703912049531937
rank4|global_req1044|task=niah_single_1|doc=44,niah_single_1,1,0.7946428571428571,0.6473214285714286,0,3.843348264694214,6971.853692926551,32480,-0.8349093198776245,0.1000448688864708
rank4|global_req1052|task=niah_single_1|doc=52,niah_single_1,1,0.4955357142857143,0.24553571428571427,0,4.588244438171387,38747.56702451748,32486,-0.8726998567581177,0.09422075003385544
rank4|global_req1060|task=niah_single_1|doc=60,niah_single_1,1,0.8258928571428571,0.6651785714285714,0,4.029711723327637,10708.082864792403,32483,-0.1888824701309204,0.13186168670654297
rank4|global_req1068|task=niah_single_1|doc=68,niah_single_1,1,0.6116071428571429,0.5089285714285714,0,4.701483249664307,50290.18690173551,32477,-0.7225357294082642,0.101166270673275
rank4|global_req1076|task=niah_single_1|doc=76,niah_single_1,1,0.5178571428571429,0.2767857142857143,0,3.4987645149230957,3153.2943665117455,32480,-0.7510260343551636,0.0941309928894043
rank4|global_req1084|task=niah_single_1|doc=84,niah_single_1,1,0.5089285714285714,0.29910714285714285,0,3.3043360710144043,2015.2831374243324,32483,-0.8325804471969604,0.09576863050460815
rank4|global_req108|task=niah_single_3|doc=108,niah_single_3,1,0.5089285714285714,0.38392857142857145,0,3.927737236022949,8467.149657425602,32528,-0.6341063380241394,0.12448912858963013
rank4|global_req1092|task=niah_single_1|doc=92,niah_single_1,1,0.6785714285714286,0.45982142857142855,0,3.9405357837677,8720.387501081648,32480,-0.823406457901001,0.09194716811180115
rank4|global_req1100|task=niah_single_1|doc=100,niah_single_1,1,0.5223214285714286,0.45089285714285715,0,4.096911430358887,12500.040794702736,32483,-0.8608347177505493,0.09605909883975983
rank4|global_req1108|task=niah_single_1|doc=108,niah_single_1,1,0.09821428571428571,0.04017857142857143,0,3.405308485031128,2542.778232750154,32477,-0.8154128789901733,0.09048198163509369
rank4|global_req1116|task=niah_single_1|doc=116,niah_single_1,1,0.9598214285714286,0.9017857142857143,0,6.722580432891846,5279349.731738058,32477,-0.8108214139938354,0.09734228253364563
rank4|global_req1124|task=niah_single_1|doc=124,niah_single_1,1,0.8839285714285714,0.7633928571428571,0,4.434916019439697,27221.748637304518,32474,-0.7926866412162781,0.0899372473359108
rank4|global_req1132|task=niah_single_1|doc=132,niah_single_1,1,0.8125,0.6607142857142857,0,2.885235548019409,767.777795605963,32480,-0.7541881799697876,0.1010676920413971
rank4|global_req1140|task=niah_single_1|doc=140,niah_single_1,1,0.8482142857142857,0.6383928571428571,0,4.328575134277344,21309.591981315905,32477,-0.8477348685264587,0.09345780313014984
rank4|global_req1148|task=niah_single_1|doc=148,niah_single_1,1,0.5669642857142857,0.48214285714285715,0,2.8386049270629883,689.6121857570131,32483,-0.7828477025032043,0.0981992781162262
rank4|global_req1156|task=niah_single_1|doc=156,niah_single_1,1,0.7767857142857143,0.6428571428571429,0,3.6815285682678223,4803.176749139062,32483,-0.8138076066970825,0.10205733776092529
rank4|global_req1164|task=niah_single_1|doc=164,niah_single_1,1,0.8080357142857143,0.59375,0,3.1408088207244873,1382.9574580248848,32477,-0.6883249878883362,0.10092592239379883
rank4|global_req116|task=niah_single_3|doc=116,niah_single_3,1,0.7142857142857143,0.5133928571428571,0,3.579324960708618,3795.9891350259386,32524,-0.5166661143302917,0.13148640096187592
rank4|global_req1172|task=niah_single_1|doc=172,niah_single_1,1,0.9285714285714286,0.8303571428571429,0,5.424346923828125,265672.6965529676,32480,-0.7660361528396606,0.09388907253742218
rank4|global_req1180|task=niah_single_1|doc=180,niah_single_1,1,0.6919642857142857,0.6026785714285714,0,2.798820972442627,629.2467374038823,32483,-0.7269691824913025,0.10805843770503998
rank4|global_req1188|task=niah_single_1|doc=188,niah_single_1,1,0.5625,0.44642857142857145,0,2.919104814529419,830.0510714977137,32480,-0.8831200003623962,0.09583622962236404
rank4|global_req1196|task=niah_single_1|doc=196,niah_single_1,1,0.4732142857142857,0.39732142857142855,0,2.90762996673584,808.40681631142,32480,-0.8822536468505859,0.09038865566253662
rank4|global_req1204|task=niah_single_1|doc=204,niah_single_1,1,0.6026785714285714,0.29464285714285715,0,5.610906600952148,408231.58291135746,32474,-0.8586675524711609,0.0883028656244278
rank4|global_req1212|task=niah_single_1|doc=212,niah_single_1,1,0.5758928571428571,0.3080357142857143,0,2.811018466949463,647.1701339523945,32483,-0.8093929290771484,0.09572611004114151
rank4|global_req1220|task=niah_single_1|doc=220,niah_single_1,1,0.8660714285714286,0.7857142857142857,0,3.430353879928589,2693.7288642895346,32480,-0.854430615901947,0.10287810862064362
rank4|global_req1228|task=niah_single_1|doc=228,niah_single_1,1,0.41517857142857145,0.36607142857142855,0,3.553086519241333,3573.4402039211022,32483,-0.7292009592056274,0.10300957411527634
rank4|global_req1236|task=niah_single_1|doc=236,niah_single_1,1,0.45535714285714285,0.3794642857142857,0,2.9750726222991943,944.2187544235679,32480,-0.8528560996055603,0.09285330027341843
rank4|global_req1244|task=niah_single_1|doc=244,niah_single_1,1,0.7098214285714286,0.5982142857142857,0,2.9375216960906982,866.0075855026662,32480,-0.8385326862335205,0.0930408239364624
rank4|global_req124|task=niah_single_3|doc=124,niah_single_3,1,0.6383928571428571,0.375,0,4.267698287963867,18522.443894895296,32532,-0.19986605644226074,0.1582604944705963
rank4|global_req1252|task=niah_single_1|doc=252,niah_single_1,1,0.6116071428571429,0.5848214285714286,0,3.2771687507629395,1893.0790562144264,32480,-0.8380829095840454,0.09488878399133682
rank4|global_req1260|task=niah_single_1|doc=260,niah_single_1,1,0.7589285714285714,0.65625,0,3.5024361610412598,3180.0662013015867,32480,-0.8092402815818787,0.09140133857727051
rank4|global_req1268|task=niah_single_1|doc=268,niah_single_1,1,0.75,0.6160714285714286,0,4.096837043762207,12497.899952705959,32474,-0.8033984899520874,0.08518421649932861
rank4|global_req1276|task=niah_single_1|doc=276,niah_single_1,1,0.48214285714285715,0.39285714285714285,0,3.4663450717926025,2926.476707352681,32477,-0.8005906939506531,0.08819526433944702
rank4|global_req1284|task=niah_single_1|doc=284,niah_single_1,1,0.13839285714285715,0.049107142857142856,0,2.8437013626098633,697.75243798176,32480,-0.7764918804168701,0.09687882661819458
rank4|global_req1292|task=niah_single_1|doc=292,niah_single_1,1,0.4107142857142857,0.22321428571428573,0,4.860939025878906,72600.40206927003,32477,-0.8739791512489319,0.08443931490182877
rank4|global_req12|task=niah_single_3|doc=12,niah_single_3,1,0.5758928571428571,0.25,0,2.8961009979248047,787.2288434488636,32526,-0.5720060467720032,0.12294913083314896
rank4|global_req1300|task=niah_single_1|doc=300,niah_single_1,1,0.6651785714285714,0.46875,0,3.2515764236450195,1784.7460261395845,32477,-0.8553526401519775,0.09691905975341797
rank4|global_req1308|task=niah_single_1|doc=308,niah_single_1,1,0.8616071428571429,0.7723214285714286,0,3.852071523666382,7113.306525744625,32486,-0.8561927676200867,0.08747541159391403
rank4|global_req1316|task=niah_single_1|doc=316,niah_single_1,1,0.8392857142857143,0.6875,0,4.056453227996826,11388.15128847974,32477,-0.828260064125061,0.08318081498146057
rank4|global_req1324|task=niah_single_1|doc=324,niah_single_1,1,0.8214285714285714,0.6696428571428571,0,4.1943793296813965,15645.135529838939,32483,-0.8846361041069031,0.09732265770435333
rank4|global_req132|task=niah_single_3|doc=132,niah_single_3,1,0.59375,0.32142857142857145,0,4.364711284637451,23158.54577233404,32527,-0.6776238083839417,0.11621607840061188
rank4|global_req1332|task=niah_single_1|doc=332,niah_single_1,1,0.36160714285714285,0.23660714285714285,0,3.9828531742095947,9612.872325338602,32477,-0.731593906879425,0.09870398044586182
rank4|global_req1340|task=niah_single_1|doc=340,niah_single_1,1,0.9464285714285714,0.8080357142857143,0,5.60776424407959,405288.4656610237,32480,-0.705106794834137,0.0996430292725563
rank4|global_req1348|task=niah_single_1|doc=348,niah_single_1,1,0.71875,0.5357142857142857,0,4.755749225616455,56983.513772659666,32474,-0.8123887777328491,0.08557131886482239
rank4|global_req1356|task=niah_single_1|doc=356,niah_single_1,1,0.875,0.625,0,2.6525044441223145,449.26692198161277,32486,-0.4911670982837677,0.10517623275518417
rank4|global_req1364|task=niah_single_1|doc=364,niah_single_1,1,0.8571428571428571,0.7366071428571429,0,3.7784054279327393,6003.512620420522,32477,-0.8603790402412415,0.09140568971633911
rank4|global_req1372|task=niah_single_1|doc=372,niah_single_1,1,0.5178571428571429,0.46875,0,3.17056941986084,1481.0489748236519,32480,-0.7292938232421875,0.10991378128528595
rank4|global_req1380|task=niah_single_1|doc=380,niah_single_1,1,0.8214285714285714,0.5580357142857143,0,3.044522523880005,1107.9560259741725,32480,-0.8104682564735413,0.0986318364739418
rank4|global_req1388|task=niah_single_1|doc=388,niah_single_1,1,0.5535714285714286,0.34375,0,4.509308338165283,32307.87085261261,32477,-0.7124015688896179,0.08945909142494202
rank4|global_req1396|task=niah_single_1|doc=396,niah_single_1,1,0.8794642857142857,0.71875,0,2.8751981258392334,750.2363903193734,32480,-0.7749521136283875,0.09271281957626343
rank4|global_req1404|task=niah_single_1|doc=404,niah_single_1,1,0.7544642857142857,0.6607142857142857,0,3.7469232082366943,5583.714550072609,32477,-0.845084011554718,0.10247312486171722
rank4|global_req140|task=niah_single_3|doc=140,niah_single_3,1,0.5580357142857143,0.29464285714285715,0,3.9774773120880127,9494.613972381138,32532,-0.4041791260242462,0.14498597383499146
rank4|global_req1412|task=niah_single_1|doc=412,niah_single_1,1,0.0,0.0,62,3.466792106628418,2929.4905853262303,32477,-0.6938345432281494,0.08944585174322128
rank4|global_req1420|task=niah_single_1|doc=420,niah_single_1,1,0.38392857142857145,0.33035714285714285,0,3.552562713623047,3569.13285073403,32480,-0.7991829514503479,0.10110070556402206
rank4|global_req1428|task=niah_single_1|doc=428,niah_single_1,1,0.8660714285714286,0.7633928571428571,0,3.939858913421631,8706.806913234017,32477,-0.7552605271339417,0.08743952959775925
rank4|global_req1436|task=niah_single_1|doc=436,niah_single_1,1,0.9107142857142857,0.8035714285714286,0,3.9964282512664795,9918.094712763954,32477,-0.7681766152381897,0.09372079372406006
rank4|global_req1444|task=niah_single_1|doc=444,niah_single_1,1,0.8258928571428571,0.7098214285714286,0,3.7150979042053223,5189.170066392348,32477,-0.8683239221572876,0.08781953155994415
rank4|global_req1452|task=niah_single_1|doc=452,niah_single_1,1,0.8883928571428571,0.8125,0,3.534924030303955,3427.078325561666,32477,-0.7711420655250549,0.08510245382785797
rank4|global_req1460|task=niah_single_1|doc=460,niah_single_1,1,0.45535714285714285,0.3794642857142857,0,3.1076087951660156,1281.1760019028598,32480,-0.8429989218711853,0.102164626121521
rank4|global_req1468|task=niah_single_1|doc=468,niah_single_1,1,0.7901785714285714,0.6651785714285714,0,4.077892303466797,11964.43799866709,32477,-0.7991612553596497,0.0882033035159111
rank4|global_req1476|task=niah_single_1|doc=476,niah_single_1,1,0.9419642857142857,0.8660714285714286,0,4.302914619445801,20086.97871838716,32477,-0.8139542937278748,0.08475805819034576
rank4|global_req1484|task=niah_single_1|doc=484,niah_single_1,1,0.8348214285714286,0.5714285714285714,0,2.909416437149048,811.7390467320035,32480,-0.6862870454788208,0.11038058996200562
rank4|global_req148|task=niah_single_3|doc=148,niah_single_3,2,0.0,0.0,938,3.1392667293548584,1378.0555653475853,32526,-0.47469362616539,0.13105696439743042
rank4|global_req1492|task=niah_single_1|doc=492,niah_single_1,1,0.625,0.5401785714285714,0,2.869953155517578,741.2302853649481,32483,-0.8118705749511719,0.09056603163480759
rank4|global_req156|task=niah_single_3|doc=156,niah_single_3,1,0.42857142857142855,0.20535714285714285,0,3.5020523071289062,3177.256721537454,32531,-0.6536174416542053,0.1298607438802719
rank4|global_req164|task=niah_single_3|doc=164,niah_single_3,1,0.8258928571428571,0.6205357142857143,0,3.828049421310425,6730.532432134687,32537,-0.7257902026176453,0.11898815631866455
rank4|global_req172|task=niah_single_3|doc=172,niah_single_3,1,0.3169642857142857,0.22767857142857142,0,3.9038736820220947,8014.449229023953,32538,-0.6032886505126953,0.1316651999950409
rank4|global_req180|task=niah_single_3|doc=180,niah_single_3,1,1.0,0.71875,0,3.568133592605591,3699.419595124355,32526,-0.4527777433395386,0.13269340991973877
rank4|global_req188|task=niah_single_3|doc=188,niah_single_3,1,0.75,0.35267857142857145,0,3.68015718460083,4788.033547042946,32528,-0.6961914300918579,0.12011325359344482
rank4|global_req196|task=niah_single_3|doc=196,niah_single_3,1,0.8035714285714286,0.4107142857142857,0,3.9252476692199707,8418.751088517953,32537,-0.6885938048362732,0.12367356568574905
rank4|global_req204|task=niah_single_3|doc=204,niah_single_3,1,0.42410714285714285,0.20535714285714285,0,3.475533962249756,2989.0553848505074,32534,-0.7369051575660706,0.12848085165023804
rank4|global_req20|task=niah_single_3|doc=20,niah_single_3,1,0.7633928571428571,0.5714285714285714,0,3.346216917037964,2219.3046189616043,32527,-0.6456075310707092,0.12350566685199738
rank4|global_req212|task=niah_single_3|doc=212,niah_single_3,1,0.7901785714285714,0.5848214285714286,0,4.1410675048828125,13837.814513459361,32540,-0.6017440557479858,0.1209351122379303
rank4|global_req220|task=niah_single_3|doc=220,niah_single_3,1,0.7589285714285714,0.46875,0,2.9473462104797363,885.8214868047413,32533,-0.6889405846595764,0.12637238204479218
rank4|global_req228|task=niah_single_3|doc=228,niah_single_3,1,0.6205357142857143,0.35267857142857145,0,3.4337384700775146,2714.803935406966,32533,-0.6815097332000732,0.12466656416654587
rank4|global_req236|task=niah_single_3|doc=236,niah_single_3,1,0.6428571428571429,0.42410714285714285,0,3.8413548469543457,6939.92611713003,32528,-0.4306076169013977,0.13678663969039917
rank4|global_req244|task=niah_single_3|doc=244,niah_single_3,1,0.6785714285714286,0.36607142857142855,0,4.576571464538574,37719.980933339015,32528,-0.5495790839195251,0.12993386387825012
rank4|global_req252|task=niah_single_3|doc=252,niah_single_3,1,0.6205357142857143,0.26785714285714285,0,3.1278810501098633,1342.397238590181,32530,-0.5715912580490112,0.13016527891159058
rank4|global_req260|task=niah_single_3|doc=260,niah_single_3,1,0.8973214285714286,0.45089285714285715,0,4.046938419342041,11141.36543728347,32528,-0.635600745677948,0.12773826718330383
rank4|global_req268|task=niah_single_3|doc=268,niah_single_3,1,0.7589285714285714,0.4330357142857143,0,2.79714035987854,626.8164130897626,32533,-0.6350771188735962,0.12276849150657654
rank4|global_req276|task=niah_single_3|doc=276,niah_single_3,1,0.28125,0.18303571428571427,0,3.4386470317840576,2745.6617386965377,32535,-0.6398869156837463,0.11949800699949265
rank4|global_req284|task=niah_single_3|doc=284,niah_single_3,1,0.7142857142857143,0.48660714285714285,0,3.7715566158294678,5909.579994722829,32530,-0.6306881308555603,0.12470239400863647
rank4|global_req28|task=niah_single_3|doc=28,niah_single_3,1,0.7455357142857143,0.49107142857142855,0,3.967625379562378,9281.65410124315,32534,-0.45909371972084045,0.1361161768436432
rank4|global_req292|task=niah_single_3|doc=292,niah_single_3,2,0.0,0.0,932,3.058030366897583,1142.9582503405516,32533,-0.692095160484314,0.12895071506500244
rank4|global_req300|task=niah_single_3|doc=300,niah_single_3,1,0.42410714285714285,0.3482142857142857,0,3.8499104976654053,7077.999011771416,32531,-0.5526081919670105,0.13143163919448853
rank4|global_req308|task=niah_single_3|doc=308,niah_single_3,2,0.0,0.0,932,2.9177753925323486,827.5140811069103,32532,-0.7482331991195679,0.12255901098251343
rank4|global_req316|task=niah_single_3|doc=316,niah_single_3,1,0.6517857142857143,0.41964285714285715,0,3.3983230590820312,2502.205988114339,32536,-0.5540829300880432,0.1276605874300003
rank4|global_req324|task=niah_single_3|doc=324,niah_single_3,1,0.49107142857142855,0.32142857142857145,0,3.140219211578369,1381.081194006971,32534,-0.6646725535392761,0.1256996989250183
rank4|global_req332|task=niah_single_3|doc=332,niah_single_3,1,0.5044642857142857,0.3080357142857143,0,3.48414945602417,3048.9440581207423,32533,-0.6501399278640747,0.13054732978343964
rank4|global_req340|task=niah_single_3|doc=340,niah_single_3,1,0.36607142857142855,0.23214285714285715,0,3.0474631786346436,1115.4835718175914,32531,-0.738381028175354,0.1159692257642746
rank4|global_req348|task=niah_single_3|doc=348,niah_single_3,1,0.4642857142857143,0.25892857142857145,0,5.562545299530029,365212.21910216537,32524,-0.6793133020401001,0.11801773309707642
rank4|global_req356|task=niah_single_3|doc=356,niah_single_3,1,0.53125,0.3392857142857143,0,4.923859596252441,83918.8640041637,32532,-0.5223749279975891,0.12895527482032776
rank4|global_req364|task=niah_single_3|doc=364,niah_single_3,1,0.7633928571428571,0.39732142857142855,0,3.571540117263794,3728.5512525293943,32532,-0.6296537518501282,0.12680119276046753
rank4|global_req36|task=niah_single_3|doc=36,niah_single_3,2,0.0,0.0,932,3.9230732917785645,8376.706359619788,32533,-0.7751163840293884,0.12166199833154678
rank4|global_req372|task=niah_single_3|doc=372,niah_single_3,1,0.9107142857142857,0.4955357142857143,0,4.6691741943359375,46684.65936658588,32535,-0.5748572945594788,0.13424360752105713
rank4|global_req380|task=niah_single_3|doc=380,niah_single_3,1,0.8080357142857143,0.5848214285714286,0,4.592585563659668,39136.82259631238,32536,-0.5484002232551575,0.1388368457555771
rank4|global_req388|task=niah_single_3|doc=388,niah_single_3,2,0.0,0.0,928,3.410830020904541,2575.313004538954,32536,-0.7601120471954346,0.12025709450244904
rank4|global_req396|task=niah_single_3|doc=396,niah_single_3,1,0.8169642857142857,0.4955357142857143,0,4.537506580352783,34475.18301520182,32533,-0.568615734577179,0.12604273855686188
rank4|global_req404|task=niah_single_3|doc=404,niah_single_3,1,0.5267857142857143,0.2767857142857143,0,3.804678201675415,6377.907285264536,32528,-0.557129442691803,0.12808749079704285
rank4|global_req412|task=niah_single_3|doc=412,niah_single_3,1,0.33482142857142855,0.17410714285714285,0,3.0317327976226807,1075.8031154223117,32533,-0.7059829831123352,0.12062889337539673
rank4|global_req420|task=niah_single_3|doc=420,niah_single_3,1,0.5625,0.3169642857142857,0,3.687121629714966,4865.43449317621,32530,-0.5542372465133667,0.1204400435090065
rank4|global_req428|task=niah_single_3|doc=428,niah_single_3,1,0.40625,0.27232142857142855,0,3.8968865871429443,7886.541394109394,32535,-0.5902193784713745,0.12420918047428131
rank4|global_req436|task=niah_single_3|doc=436,niah_single_3,1,0.29910714285714285,0.06696428571428571,0,3.7628722190856934,5792.582382688662,32524,-0.6611732840538025,0.12406681478023529
rank4|global_req444|task=niah_single_3|doc=444,niah_single_3,1,0.4017857142857143,0.32142857142857145,0,3.7959694862365723,6251.287693497586,32534,-0.7022908926010132,0.11941065639257431
rank4|global_req44|task=niah_single_3|doc=44,niah_single_3,1,0.84375,0.5580357142857143,0,3.517439365386963,3291.844905858457,32535,-0.6789575219154358,0.11503005772829056
rank4|global_req452|task=niah_single_3|doc=452,niah_single_3,1,0.7455357142857143,0.47767857142857145,0,5.0140485763549805,103287.6927815015,32531,-0.6532820463180542,0.13478562235832214
rank4|global_req460|task=niah_single_3|doc=460,niah_single_3,1,0.6294642857142857,0.28125,0,3.5637125968933105,3661.9515743514403,32531,-0.5946535468101501,0.12324531376361847
rank4|global_req468|task=niah_single_3|doc=468,niah_single_3,1,0.7857142857142857,0.42410714285714285,0,2.9375321865081787,866.0285042368763,32529,-0.39620330929756165,0.13906040787696838
rank4|global_req476|task=niah_single_3|doc=476,niah_single_3,1,0.7232142857142857,0.39285714285714285,0,4.568818092346191,37052.54917636124,32530,-0.582061767578125,0.12323583662509918
rank4|global_req484|task=niah_single_3|doc=484,niah_single_3,1,1.0,0.7946428571428571,0,3.713285446166992,5167.559027759155,32530,-0.7054485082626343,0.12362784147262573
rank4|global_req492|task=niah_single_3|doc=492,niah_single_3,1,0.7723214285714286,0.4419642857142857,0,3.4885306358337402,3079.857591965382,32531,-0.6656197905540466,0.1297910064458847
rank4|global_req4|task=niah_single_3|doc=4,niah_single_3,2,0.0,0.0,936,3.046963930130005,1114.2019908779432,32529,-0.7827003598213196,0.11340731382369995
rank4|global_req500|task=niah_single_2|doc=0,niah_single_2,1,0.5178571428571429,0.1875,0,4.383945465087891,24207.250541171135,32507,-0.5758563876152039,0.1239839419722557
rank4|global_req508|task=niah_single_2|doc=8,niah_single_2,1,0.5758928571428571,0.27232142857142855,0,3.5510120391845703,3556.411772492279,32510,-0.5734898447990417,0.1275547593832016
rank4|global_req516|task=niah_single_2|doc=16,niah_single_2,1,0.25892857142857145,0.16071428571428573,0,3.95674991607666,9052.111944152295,32507,-0.6830286979675293,0.12731538712978363
rank4|global_req524|task=niah_single_2|doc=24,niah_single_2,1,0.33035714285714285,0.125,0,4.239567756652832,17360.720958283116,32510,-0.6173551082611084,0.12981069087982178
rank4|global_req52|task=niah_single_3|doc=52,niah_single_3,1,0.6160714285714286,0.3169642857142857,0,4.986479759216309,96934.80906874374,32533,-0.6827582716941833,0.11857634037733078
rank4|global_req532|task=niah_single_2|doc=32,niah_single_2,1,0.4330357142857143,0.25,0,3.3268048763275146,2122.2907261848127,32507,-0.6710579991340637,0.12733915448188782
rank4|global_req540|task=niah_single_2|doc=40,niah_single_2,1,0.6294642857142857,0.46875,0,3.220829725265503,1662.7606005703908,32513,-0.6872459053993225,0.12058478593826294
rank4|global_req548|task=niah_single_2|doc=48,niah_single_2,1,0.28125,0.13392857142857142,0,4.277978420257568,18966.116777655792,32504,-0.53782719373703,0.12499159574508667
rank4|global_req556|task=niah_single_2|doc=56,niah_single_2,1,0.48214285714285715,0.25,0,4.5294599533081055,33842.306412682,32501,-0.6081085801124573,0.13197770714759827
rank4|global_req564|task=niah_single_2|doc=64,niah_single_2,1,0.6428571428571429,0.3125,0,4.496704578399658,31383.731414735,32510,-0.5535920262336731,0.1354549527168274
rank4|global_req572|task=niah_single_2|doc=72,niah_single_2,1,0.38392857142857145,0.20982142857142858,0,3.545433521270752,3511.021761635123,32504,-0.6080145239830017,0.1254759132862091
rank4|global_req580|task=niah_single_2|doc=80,niah_single_2,1,0.3125,0.17857142857142858,0,3.932368278503418,8557.921106454045,32504,-0.5313764810562134,0.12048646807670593
rank4|global_req588|task=niah_single_2|doc=88,niah_single_2,1,0.48660714285714285,0.25,0,3.143650531768799,1392.0362079767754,32504,-0.6973145604133606,0.12818706035614014
rank4|global_req596|task=niah_single_2|doc=96,niah_single_2,1,0.36160714285714285,0.07142857142857142,0,3.1195802688598633,1316.9833028266228,32504,-0.7173558473587036,0.1157996878027916
rank4|global_req604|task=niah_single_2|doc=104,niah_single_2,1,0.44642857142857145,0.12053571428571429,0,3.8390276432037354,6902.837395741153,32507,-0.5817273259162903,0.12895573675632477
rank4|global_req60|task=niah_single_3|doc=60,niah_single_3,1,0.38392857142857145,0.2857142857142857,0,4.028805732727051,10685.767798185076,32530,-0.5149269104003906,0.13312268257141113
rank4|global_req612|task=niah_single_2|doc=112,niah_single_2,1,0.2857142857142857,0.21875,0,3.464405059814453,2913.433165772258,32504,-0.6002126932144165,0.1258099377155304
rank4|global_req620|task=niah_single_2|doc=120,niah_single_2,1,0.20982142857142858,0.08928571428571429,0,3.8989098072052,7923.367635996423,32504,-0.7076238393783569,0.11804932355880737
rank4|global_req628|task=niah_single_2|doc=128,niah_single_2,1,0.08482142857142858,0.05357142857142857,0,3.9693620204925537,9318.843547392156,32504,-0.6011061072349548,0.12478068470954895
rank4|global_req636|task=niah_single_2|doc=136,niah_single_2,1,0.6116071428571429,0.2767857142857143,0,3.973719358444214,9412.811430773065,32501,-0.6620035767555237,0.1226121038198471
rank4|global_req644|task=niah_single_2|doc=144,niah_single_2,1,0.5491071428571429,0.2544642857142857,0,3.111757278442383,1293.4727342530093,32501,-0.5898517370223999,0.1307772397994995
rank4|global_req652|task=niah_single_2|doc=152,niah_single_2,2,0.0,0.0,953,3.0819411277770996,1207.6501170100685,32513,-0.5755861401557922,0.12441395223140717
rank4|global_req660|task=niah_single_2|doc=160,niah_single_2,1,0.8973214285714286,0.46875,0,3.8615641593933105,7270.49800138039,32504,-0.6990708112716675,0.11891911923885345
rank4|global_req668|task=niah_single_2|doc=168,niah_single_2,1,0.6160714285714286,0.29017857142857145,0,3.298129081726074,1986.6853155173371,32504,-0.7083989381790161,0.12183399498462677
rank4|global_req676|task=niah_single_2|doc=176,niah_single_2,1,0.4955357142857143,0.2857142857142857,0,4.878369331359863,75573.46439666307,32513,-0.6380628347396851,0.12498879432678223
rank4|global_req684|task=niah_single_2|doc=184,niah_single_2,1,0.4642857142857143,0.20089285714285715,0,3.901991367340088,7979.788253388747,32504,-0.591885507106781,0.12446565181016922
rank4|global_req68|task=niah_single_3|doc=68,niah_single_3,1,0.5669642857142857,0.29910714285714285,0,3.757943868637085,5727.220034640586,32526,-0.6827836632728577,0.11872739344835281
rank4|global_req692|task=niah_single_2|doc=192,niah_single_2,1,0.5803571428571429,0.24553571428571427,0,3.2743172645568848,1880.6902131517118,32507,-0.6100190877914429,0.1240280345082283
rank4|global_req700|task=niah_single_2|doc=200,niah_single_2,1,0.4419642857142857,0.11607142857142858,0,3.5072360038757324,3215.407377446046,32504,-0.4163978099822998,0.13707849383354187
rank4|global_req708|task=niah_single_2|doc=208,niah_single_2,1,0.38392857142857145,0.15178571428571427,0,4.412076950073242,25827.17766597019,32504,-0.6045047640800476,0.11968551576137543
rank4|global_req716|task=niah_single_2|doc=216,niah_single_2,1,0.18303571428571427,0.12053571428571429,0,4.1302409172058105,13497.114035593739,32507,-0.5988342761993408,0.1257355958223343
rank4|global_req724|task=niah_single_2|doc=224,niah_single_2,1,0.9241071428571429,0.4375,0,3.2261312007904053,1683.1824753527253,32507,-0.5669074058532715,0.1336812525987625
rank4|global_req732|task=niah_single_2|doc=232,niah_single_2,1,0.1875,0.10267857142857142,0,3.362978458404541,2306.632773767806,32504,-0.7355549931526184,0.12009128928184509
rank4|global_req740|task=niah_single_2|doc=240,niah_single_2,1,0.47767857142857145,0.26339285714285715,0,3.520822763442993,3317.590383106891,32507,-0.5245193243026733,0.13247491419315338
rank4|global_req748|task=niah_single_2|doc=248,niah_single_2,1,0.5178571428571429,0.26339285714285715,0,4.081869602203369,12074.512409972982,32504,-0.5333349108695984,0.12376786768436432
rank4|global_req756|task=niah_single_2|doc=256,niah_single_2,1,0.6205357142857143,0.17410714285714285,0,3.217822313308716,1651.2860549283412,32510,-0.5707154273986816,0.12763482332229614
rank4|global_req764|task=niah_single_2|doc=264,niah_single_2,1,0.625,0.36160714285714285,0,2.7898130416870117,616.3296225924897,32507,-0.489935040473938,0.1311355084180832
rank4|global_req76|task=niah_single_3|doc=76,niah_single_3,1,0.7410714285714286,0.5267857142857143,0,3.5433976650238037,3494.6015485581825,32534,-0.654308557510376,0.12084393203258514
rank4|global_req772|task=niah_single_2|doc=272,niah_single_2,1,0.41964285714285715,0.35714285714285715,0,3.868088960647583,7380.553975158556,32507,-0.4999944865703583,0.13426965475082397
rank4|global_req780|task=niah_single_2|doc=280,niah_single_2,1,0.53125,0.24107142857142858,0,3.9550886154174805,9017.551170427372,32507,-0.7329027056694031,0.12074852734804153
rank4|global_req788|task=niah_single_2|doc=288,niah_single_2,1,0.8080357142857143,0.36160714285714285,0,3.894435405731201,7842.1547086008895,32507,-0.6215851902961731,0.12716856598854065
rank4|global_req796|task=niah_single_2|doc=296,niah_single_2,1,0.4375,0.10714285714285714,0,3.6130471229553223,4102.486144394578,32504,-0.6748771071434021,0.11522911489009857
rank4|global_req804|task=niah_single_2|doc=304,niah_single_2,1,0.28125,0.11607142857142858,0,3.7995405197143555,6302.90149375447,32510,-0.6484631299972534,0.12587058544158936
rank4|global_req812|task=niah_single_2|doc=312,niah_single_2,1,0.1875,0.09821428571428571,0,3.674121856689453,4721.95513843318,32501,-0.6069739460945129,0.13061653077602386
rank4|global_req820|task=niah_single_2|doc=320,niah_single_2,1,0.29910714285714285,0.09821428571428571,0,3.3506245613098145,2241.9429720016956,32507,-0.5763362646102905,0.12921667098999023
rank4|global_req828|task=niah_single_2|doc=328,niah_single_2,1,0.4330357142857143,0.14285714285714285,0,4.258260726928711,18124.27849771689,32507,-0.6156651377677917,0.12153196334838867
rank4|global_req836|task=niah_single_2|doc=336,niah_single_2,1,0.41517857142857145,0.22321428571428573,0,4.254917621612549,17985.29731812201,32504,-0.6293991804122925,0.12104768306016922
rank4|global_req844|task=niah_single_2|doc=344,niah_single_2,1,0.17857142857142858,0.09821428571428571,0,3.6617720127105713,4589.570154490482,32507,-0.5183730125427246,0.13122278451919556
rank4|global_req84|task=niah_single_3|doc=84,niah_single_3,1,0.7589285714285714,0.5044642857142857,0,3.5529048442840576,3571.9456677157073,32528,-0.47142013907432556,0.14014077186584473
rank4|global_req852|task=niah_single_2|doc=352,niah_single_2,1,0.32589285714285715,0.1875,0,4.001536846160889,10035.449877187406,32501,-0.6462569832801819,0.12369615584611893
rank4|global_req860|task=niah_single_2|doc=360,niah_single_2,1,0.7678571428571429,0.33482142857142855,0,3.6513049602508545,4480.277974881849,32504,-0.5062029361724854,0.13424301147460938
rank4|global_req868|task=niah_single_2|doc=368,niah_single_2,1,0.5803571428571429,0.36607142857142855,0,5.148673057556152,140822.82670199824,32507,-0.31580254435539246,0.15105152130126953
rank4|global_req876|task=niah_single_2|doc=376,niah_single_2,1,0.65625,0.4419642857142857,0,3.178212881088257,1507.345751076353,32507,-0.4890240430831909,0.14389492571353912
rank4|global_req884|task=niah_single_2|doc=384,niah_single_2,1,0.5669642857142857,0.21428571428571427,0,4.173588275909424,14913.79866683346,32510,-0.6035929322242737,0.1283886432647705
rank4|global_req892|task=niah_single_2|doc=392,niah_single_2,1,0.4955357142857143,0.29910714285714285,0,3.432607889175415,2707.745789433669,32510,-0.5398311018943787,0.1299433708190918
rank4|global_req900|task=niah_single_2|doc=400,niah_single_2,1,0.36607142857142855,0.24553571428571427,0,3.908889055252075,8107.5391642613895,32507,-0.609756350517273,0.13141492009162903
rank4|global_req908|task=niah_single_2|doc=408,niah_single_2,1,0.40625,0.09375,0,3.884274959564209,7660.814732184536,32507,-0.6701678037643433,0.12426254153251648
rank4|global_req916|task=niah_single_2|doc=416,niah_single_2,1,0.5803571428571429,0.35714285714285715,0,3.796236038208008,6255.125652724891,32507,-0.7052359580993652,0.11583060026168823
rank4|global_req924|task=niah_single_2|doc=424,niah_single_2,1,0.5089285714285714,0.21875,0,3.8064725399017334,6404.3128632295,32504,-0.45470112562179565,0.12957899272441864
rank4|global_req92|task=niah_single_3|doc=92,niah_single_3,1,0.5580357142857143,0.38392857142857145,0,4.2722673416137695,18718.340434249345,32530,-0.5834662914276123,0.11626891791820526
rank4|global_req932|task=niah_single_2|doc=432,niah_single_2,1,0.5625,0.30357142857142855,0,4.642116069793701,43864.79154053119,32507,-0.547578752040863,0.1307874321937561
rank4|global_req940|task=niah_single_2|doc=440,niah_single_2,1,0.29910714285714285,0.12946428571428573,0,3.0358498096466064,1086.0499742729796,32501,-0.6609926819801331,0.12750361859798431
rank4|global_req948|task=niah_single_2|doc=448,niah_single_2,1,0.5625,0.25892857142857145,0,3.5456998348236084,3513.175414197141,32504,-0.7049903869628906,0.12232627719640732
rank4|global_req956|task=niah_single_2|doc=456,niah_single_2,1,0.6071428571428571,0.2544642857142857,0,4.106166362762451,12769.27860762505,32507,-0.5807939171791077,0.12902462482452393
rank4|global_req964|task=niah_single_2|doc=464,niah_single_2,1,0.6294642857142857,0.3169642857142857,0,3.22078537940979,1662.590824576784,32507,-0.7438662648200989,0.11553885042667389
rank4|global_req972|task=niah_single_2|doc=472,niah_single_2,1,0.4107142857142857,0.125,0,4.605324745178223,40301.82799743838,32504,-0.6906293034553528,0.12020677328109741
rank4|global_req980|task=niah_single_2|doc=480,niah_single_2,1,0.59375,0.11607142857142858,0,3.4617035388946533,2895.366457864387,32501,-0.6667243838310242,0.13325366377830505
rank4|global_req988|task=niah_single_2|doc=488,niah_single_2,1,0.375,0.09375,0,3.8133809566497803,6507.002246178872,32510,-0.5267391204833984,0.13358549773693085
rank4|global_req996|task=niah_single_2|doc=496,niah_single_2,1,0.4419642857142857,0.17857142857142858,0,3.5484983921051025,3535.8871200123417,32501,-0.7183159589767456,0.11702241003513336
rank5|global_req1005|task=niah_single_1|doc=5,niah_single_1,1,0.7767857142857143,0.6651785714285714,0,3.4887945652008057,3081.7298513328637,32480,-0.7705764174461365,0.11386729776859283
rank5|global_req1013|task=niah_single_1|doc=13,niah_single_1,1,0.7857142857142857,0.6026785714285714,0,3.199004888534546,1581.265838320321,32477,-0.7824691534042358,0.09525147080421448
rank5|global_req101|task=niah_single_3|doc=101,niah_single_3,1,0.8125,0.48660714285714285,0,4.63505744934082,43157.616280810355,32531,-0.5706780552864075,0.12834927439689636
rank5|global_req1021|task=niah_single_1|doc=21,niah_single_1,1,0.5,0.41964285714285715,0,3.44341778755188,2775.989298376292,32477,-0.7372332811355591,0.09588654339313507
rank5|global_req1029|task=niah_single_1|doc=29,niah_single_1,1,0.5357142857142857,0.24553571428571427,0,2.929744243621826,850.6369498706408,32480,-0.8684834241867065,0.0889454334974289
rank5|global_req1037|task=niah_single_1|doc=37,niah_single_1,1,0.7366071428571429,0.6071428571428571,0,2.932572841644287,856.1953042511695,32477,-0.7399984002113342,0.10363703221082687
rank5|global_req1045|task=niah_single_1|doc=45,niah_single_1,1,0.5714285714285714,0.5,0,3.5842254161834717,3839.064565741897,32480,-0.8972437977790833,0.08925182372331619
rank5|global_req1053|task=niah_single_1|doc=53,niah_single_1,1,0.8928571428571429,0.11160714285714286,0,3.7884116172790527,6143.439946134747,32477,-0.8649084568023682,0.08037383109331131
rank5|global_req1061|task=niah_single_1|doc=61,niah_single_1,1,0.5535714285714286,0.47767857142857145,0,5.51236629486084,325361.59982777725,32477,-0.8259152173995972,0.0925171971321106
rank5|global_req1069|task=niah_single_1|doc=69,niah_single_1,1,0.8482142857142857,0.71875,0,4.353969573974609,22592.774830565653,32483,-0.784630298614502,0.09776172041893005
rank5|global_req1077|task=niah_single_1|doc=77,niah_single_1,1,0.9196428571428571,0.7767857142857143,0,3.583263874053955,3830.5741542328788,32483,-0.7902472615242004,0.09793452173471451
rank5|global_req1085|task=niah_single_1|doc=85,niah_single_1,1,0.5401785714285714,0.46875,0,4.006424903869629,10149.038590646109,32477,-0.8303860425949097,0.08683574199676514
rank5|global_req1093|task=niah_single_1|doc=93,niah_single_1,1,0.53125,0.44642857142857145,0,5.56531286239624,367546.9831617502,32477,-0.8525413274765015,0.08849736303091049
rank5|global_req109|task=niah_single_3|doc=109,niah_single_3,1,0.45982142857142855,0.36160714285714285,0,3.891786813735962,7794.47401837522,32529,-0.6047666072845459,0.12563934922218323
rank5|global_req1101|task=niah_single_1|doc=101,niah_single_1,1,0.7276785714285714,0.5803571428571429,0,4.712391376495361,51569.31664153119,32474,-0.8097522258758545,0.08900719881057739
rank5|global_req1109|task=niah_single_1|doc=109,niah_single_1,1,0.7991071428571429,0.6071428571428571,0,3.941986083984375,8749.557387376442,32480,-0.7744221687316895,0.0966544896364212
rank5|global_req1117|task=niah_single_1|doc=117,niah_single_1,1,0.6383928571428571,0.4955357142857143,0,3.0953800678253174,1245.60421113868,32477,-0.8388633728027344,0.09370395541191101
rank5|global_req1125|task=niah_single_1|doc=125,niah_single_1,1,0.6473214285714286,0.5535714285714286,0,2.8833789825439453,764.502627811888,32480,-0.8650004863739014,0.09550760686397552
rank5|global_req1133|task=niah_single_1|doc=133,niah_single_1,1,0.4330357142857143,0.36160714285714285,0,4.6421942710876465,43872.69077125095,32477,-0.7804621458053589,0.09658932685852051
rank5|global_req1141|task=niah_single_1|doc=141,niah_single_1,1,0.5267857142857143,0.3169642857142857,0,3.387739658355713,2441.9662557100064,32480,-0.8320392370223999,0.09476134181022644
rank5|global_req1149|task=niah_single_1|doc=149,niah_single_1,1,0.4642857142857143,0.3392857142857143,0,3.074634552001953,1187.5025530509452,32477,-0.7832108736038208,0.09345889091491699
rank5|global_req1157|task=niah_single_1|doc=157,niah_single_1,1,0.0,0.0,442,3.2648825645446777,1840.274314570359,32483,-0.7215341329574585,0.09455318748950958
rank5|global_req1165|task=niah_single_1|doc=165,niah_single_1,1,0.75,0.5758928571428571,0,4.155788898468018,14314.919116332705,32480,-0.18318521976470947,0.12997949123382568
rank5|global_req1173|task=niah_single_1|doc=173,niah_single_1,1,0.8258928571428571,0.6071428571428571,0,6.089630603790283,1229222.7906724915,32477,-0.8180136680603027,0.09134630858898163
rank5|global_req117|task=niah_single_3|doc=117,niah_single_3,1,0.7901785714285714,0.5357142857142857,0,3.7223057746887207,5276.0120004164955,32531,-0.6833478808403015,0.1139875054359436
rank5|global_req1181|task=niah_single_1|doc=181,niah_single_1,1,0.9017857142857143,0.75,0,3.0701704025268555,1175.3586356177086,32483,-0.6800981760025024,0.10556943714618683
rank5|global_req1189|task=niah_single_1|doc=189,niah_single_1,1,0.625,0.46875,0,4.306545257568359,20255.606782944702,32477,-0.7745017409324646,0.10064665973186493
rank5|global_req1197|task=niah_single_1|doc=197,niah_single_1,1,0.9464285714285714,0.8883928571428571,0,4.450483798980713,28215.24326347827,32480,-0.740540623664856,0.09806132316589355
rank5|global_req1205|task=niah_single_1|doc=205,niah_single_1,1,0.625,0.5178571428571429,0,4.205075740814209,16035.250205396402,32477,-0.7685245275497437,0.09960900247097015
rank5|global_req1213|task=niah_single_1|doc=213,niah_single_1,1,0.0,0.0,468,2.809317111968994,644.6397950495427,32480,-0.8352590203285217,0.08841560781002045
rank5|global_req1221|task=niah_single_1|doc=221,niah_single_1,1,0.6339285714285714,0.5446428571428571,0,5.095496654510498,124593.86394267343,32477,-0.7794740796089172,0.09420104324817657
rank5|global_req1229|task=niah_single_1|doc=229,niah_single_1,1,0.875,0.7633928571428571,0,3.107537269592285,1280.9650176357059,32477,-0.8967157602310181,0.09436234831809998
rank5|global_req1237|task=niah_single_1|doc=237,niah_single_1,1,0.5848214285714286,0.48660714285714285,0,4.090256214141846,12309.947879949188,32477,-0.8386287093162537,0.08250374346971512
rank5|global_req1245|task=niah_single_1|doc=245,niah_single_1,1,0.6964285714285714,0.5535714285714286,0,2.5895676612854004,388.65804455488666,32477,-0.8386995792388916,0.09190301597118378
rank5|global_req1253|task=niah_single_1|doc=253,niah_single_1,1,0.2767857142857143,0.044642857142857144,0,3.597902536392212,3961.8911221055705,32483,-0.6570889353752136,0.11944028735160828
rank5|global_req125|task=niah_single_3|doc=125,niah_single_3,1,0.10714285714285714,0.04017857142857143,0,3.3373823165893555,2174.614685638628,32528,-0.6814309358596802,0.12741002440452576
rank5|global_req1261|task=niah_single_1|doc=261,niah_single_1,1,0.6473214285714286,0.5446428571428571,0,3.788008451461792,6137.739492184821,32480,-0.6548908948898315,0.1144309937953949
rank5|global_req1269|task=niah_single_1|doc=269,niah_single_1,1,0.53125,0.38392857142857145,0,3.8923423290252686,7804.450474710995,32486,-0.7213576436042786,0.1075284406542778
rank5|global_req1277|task=niah_single_1|doc=277,niah_single_1,1,0.9151785714285714,0.8392857142857143,0,2.9097900390625,812.4376458484978,32477,-0.869422435760498,0.0904921218752861
rank5|global_req1285|task=niah_single_1|doc=285,niah_single_1,1,0.8482142857142857,0.7008928571428571,0,3.8354151248931885,6845.656838699,32477,-0.7706826329231262,0.09488919377326965
rank5|global_req1293|task=niah_single_1|doc=293,niah_single_1,1,0.20089285714285715,0.16964285714285715,0,3.123342514038086,1328.441743813998,32480,-0.8892020583152771,0.09753243625164032
rank5|global_req1301|task=niah_single_1|doc=301,niah_single_1,1,0.44642857142857145,0.39285714285714285,0,3.3463950157165527,2220.2149143767233,32486,-0.7675517201423645,0.09591417014598846
rank5|global_req1309|task=niah_single_1|doc=309,niah_single_1,1,0.7589285714285714,0.6294642857142857,0,3.2461891174316406,1762.7434817828673,32474,-0.8045291304588318,0.09077384322881699
rank5|global_req1317|task=niah_single_1|doc=317,niah_single_1,1,0.7678571428571429,0.6696428571428571,0,3.321916341781616,2098.5356034236797,32480,-0.7878869771957397,0.09485384076833725
rank5|global_req1325|task=niah_single_1|doc=325,niah_single_1,1,0.8125,0.7321428571428571,0,3.735245943069458,5435.580639144114,32480,-0.8382605910301208,0.09620016813278198
rank5|global_req1333|task=niah_single_1|doc=333,niah_single_1,1,0.7991071428571429,0.6116071428571429,0,3.638202428817749,4347.128007566339,32477,-0.7796118855476379,0.09105146676301956
rank5|global_req133|task=niah_single_3|doc=133,niah_single_3,1,0.6741071428571429,0.33035714285714285,0,3.9705357551574707,9344.062940998301,32529,-0.7258109450340271,0.11728847771883011
rank5|global_req1341|task=niah_single_1|doc=341,niah_single_1,1,0.29017857142857145,0.14732142857142858,0,4.036044120788574,10865.360012344916,32477,-0.6459838151931763,0.101552315056324
rank5|global_req1349|task=niah_single_1|doc=349,niah_single_1,1,0.7321428571428571,0.6517857142857143,0,3.697014570236206,4977.537839443894,32480,-0.7386464476585388,0.09983518719673157
rank5|global_req1357|task=niah_single_1|doc=357,niah_single_1,1,0.6919642857142857,0.5580357142857143,0,3.9155850410461426,8233.510450008245,32477,-0.8317043781280518,0.08869533240795135
rank5|global_req1365|task=niah_single_1|doc=365,niah_single_1,1,0.8839285714285714,0.7366071428571429,0,4.922518253326416,83660.0757210603,32477,-0.6937723755836487,0.09508258104324341
rank5|global_req1373|task=niah_single_1|doc=373,niah_single_1,1,0.8303571428571429,0.6741071428571429,0,3.8051021099090576,6384.135702728511,32477,-0.7523318529129028,0.08936856687068939
rank5|global_req1381|task=niah_single_1|doc=381,niah_single_1,1,0.3392857142857143,0.29017857142857145,0,2.947788715362549,886.7245148485767,32483,-0.8342673778533936,0.09475438296794891
rank5|global_req1389|task=niah_single_1|doc=389,niah_single_1,1,0.7991071428571429,0.5892857142857143,0,4.09444522857666,12429.258732906714,32477,-0.8011272549629211,0.10086497664451599
rank5|global_req1397|task=niah_single_1|doc=397,niah_single_1,1,0.8214285714285714,0.6160714285714286,0,2.8410887718200684,693.5675599764095,32480,-0.8010910153388977,0.09899908304214478
rank5|global_req13|task=niah_single_3|doc=13,niah_single_3,1,0.47767857142857145,0.34375,0,3.699816942214966,5009.760246536014,32536,-0.6068659424781799,0.12530097365379333
rank5|global_req1405|task=niah_single_1|doc=405,niah_single_1,1,0.9375,0.8616071428571429,0,2.8665239810943604,735.4006020800571,32477,-0.7347385287284851,0.093061164021492
rank5|global_req1413|task=niah_single_1|doc=413,niah_single_1,1,0.71875,0.48214285714285715,0,3.125659227371216,1335.5471575702534,32480,-0.78929203748703,0.10880529880523682
rank5|global_req141|task=niah_single_3|doc=141,niah_single_3,1,0.4375,0.29910714285714285,0,3.8740320205688477,7482.246651452673,32535,-0.5919275283813477,0.13243402540683746
rank5|global_req1421|task=niah_single_1|doc=421,niah_single_1,1,0.3169642857142857,0.17857142857142858,0,3.9632859230041504,9189.373908767133,32483,-0.747222900390625,0.11280794441699982
rank5|global_req1429|task=niah_single_1|doc=429,niah_single_1,1,0.5848214285714286,0.5089285714285714,0,4.263449668884277,18342.12584827687,32477,-0.822639524936676,0.08649181574583054
rank5|global_req1437|task=niah_single_1|doc=437,niah_single_1,1,0.2857142857142857,0.20535714285714285,0,3.6109378337860107,4082.60942454762,32483,-0.680917501449585,0.10038803517818451
rank5|global_req1445|task=niah_single_1|doc=445,niah_single_1,1,0.8303571428571429,0.6919642857142857,0,3.3559131622314453,2269.4110347114215,32480,-0.7216693162918091,0.1012653112411499
rank5|global_req1453|task=niah_single_1|doc=453,niah_single_1,1,0.27232142857142855,0.20535714285714285,0,4.79945182800293,63016.14445296539,32474,-0.7321107983589172,0.09367015957832336
rank5|global_req1461|task=niah_single_1|doc=461,niah_single_1,1,0.5,0.06696428571428571,0,4.066844940185547,11663.930955635302,32477,-0.8476658463478088,0.08836331218481064
rank5|global_req1469|task=niah_single_1|doc=469,niah_single_1,1,0.23214285714285715,0.19196428571428573,0,2.7616405487060547,577.6177742267902,32477,-0.7949649691581726,0.09079086780548096
rank5|global_req1477|task=niah_single_1|doc=477,niah_single_1,1,0.7053571428571429,0.6294642857142857,0,2.841294050216675,693.8954667217594,32477,-0.760443389415741,0.09745320677757263
rank5|global_req1485|task=niah_single_1|doc=485,niah_single_1,1,0.8839285714285714,0.75,0,2.918133020401001,828.1957936139953,32477,-0.9298685193061829,0.07607384771108627
rank5|global_req1493|task=niah_single_1|doc=493,niah_single_1,1,0.8125,0.6830357142857143,0,4.012478828430176,10291.503555698228,32480,-0.8365494012832642,0.10132666677236557
rank5|global_req149|task=niah_single_3|doc=149,niah_single_3,1,0.5892857142857143,0.3080357142857143,0,2.736076593399048,544.5986913337189,32535,-0.5687775611877441,0.13254907727241516
rank5|global_req157|task=niah_single_3|doc=157,niah_single_3,1,0.8571428571428571,0.59375,0,3.8307883739471436,6773.113821564702,32536,-0.45225170254707336,0.13153760135173798
rank5|global_req165|task=niah_single_3|doc=165,niah_single_3,1,0.7544642857142857,0.5267857142857143,0,4.770508289337158,58953.32293223596,32534,-0.6688604354858398,0.12960830330848694
rank5|global_req173|task=niah_single_3|doc=173,niah_single_3,1,0.7098214285714286,0.5357142857142857,0,4.441221714019775,27619.875335204957,32537,-0.6724919676780701,0.11794048547744751
rank5|global_req181|task=niah_single_3|doc=181,niah_single_3,1,0.39285714285714285,0.16517857142857142,0,4.162588596343994,14540.809887776759,32527,-0.5852015614509583,0.13045167922973633
rank5|global_req189|task=niah_single_3|doc=189,niah_single_3,1,0.47767857142857145,0.20982142857142858,0,3.901496410369873,7970.699024385271,32530,-0.5499114990234375,0.11377742141485214
rank5|global_req197|task=niah_single_3|doc=197,niah_single_3,1,0.38839285714285715,0.3080357142857143,0,4.879358291625977,75745.75374848995,32534,-0.6669781804084778,0.11594292521476746
rank5|global_req205|task=niah_single_3|doc=205,niah_single_3,1,0.5803571428571429,0.3392857142857143,0,3.0275511741638184,1065.4944065313127,32541,-0.47382986545562744,0.14524796605110168
rank5|global_req213|task=niah_single_3|doc=213,niah_single_3,1,0.45982142857142855,0.3169642857142857,0,3.7062015533447266,5083.953309030901,32529,-0.6822030544281006,0.1253717541694641
rank5|global_req21|task=niah_single_3|doc=21,niah_single_3,1,0.29017857142857145,0.16517857142857142,0,4.106843948364258,12789.216766729229,32526,-0.6139768958091736,0.1204720139503479
rank5|global_req221|task=niah_single_3|doc=221,niah_single_3,1,0.7098214285714286,0.34375,0,2.9017250537872314,797.4896470488632,32531,-0.7357919812202454,0.11760018765926361
rank5|global_req229|task=niah_single_3|doc=229,niah_single_3,1,0.5669642857142857,0.4419642857142857,0,4.547486782073975,35276.60498798541,32526,-0.5942275524139404,0.12572723627090454
rank5|global_req237|task=niah_single_3|doc=237,niah_single_3,1,0.26785714285714285,0.1875,0,4.045139789581299,11095.318910390282,32533,-0.6294429302215576,0.1291806399822235
rank5|global_req245|task=niah_single_3|doc=245,niah_single_3,1,0.8258928571428571,0.5044642857142857,0,3.4049220085144043,2540.5164334776578,32532,-0.5075369477272034,0.13145297765731812
rank5|global_req253|task=niah_single_3|doc=253,niah_single_3,1,0.6964285714285714,0.4330357142857143,0,3.9806158542633057,9563.477804403276,32530,-0.5966188907623291,0.13284897804260254
rank5|global_req261|task=niah_single_3|doc=261,niah_single_3,1,0.8348214285714286,0.45535714285714285,0,3.878221035003662,7554.766311058827,32529,-0.6806981563568115,0.11627217382192612
rank5|global_req269|task=niah_single_3|doc=269,niah_single_3,1,0.9285714285714286,0.625,0,3.693976640701294,4942.84100325143,32529,-0.6832840442657471,0.12245507538318634
rank5|global_req277|task=niah_single_3|doc=277,niah_single_3,1,0.25892857142857145,0.22321428571428573,0,4.346177577972412,22191.036000228098,32529,-0.6717100143432617,0.12268901616334915
rank5|global_req285|task=niah_single_3|doc=285,niah_single_3,1,0.7991071428571429,0.47767857142857145,0,3.479102849960327,3013.71965113689,32533,-0.6736966967582703,0.12218594551086426
rank5|global_req293|task=niah_single_3|doc=293,niah_single_3,1,0.3794642857142857,0.13839285714285715,0,3.8298895359039307,6759.110335397297,32531,-0.4508970379829407,0.13285106420516968
rank5|global_req29|task=niah_single_3|doc=29,niah_single_3,1,0.5803571428571429,0.20535714285714285,0,3.6664915084838867,4639.717181149905,32534,-0.6241936087608337,0.13264021277427673
rank5|global_req301|task=niah_single_3|doc=301,niah_single_3,1,0.5580357142857143,0.27232142857142855,0,3.235874891281128,1721.3726217677822,32531,-0.5452097654342651,0.13274738192558289
rank5|global_req309|task=niah_single_3|doc=309,niah_single_3,1,0.3125,0.20982142857142858,0,4.625732421875,42240.82792936787,32533,-0.39229750633239746,0.1319529116153717
rank5|global_req317|task=niah_single_3|doc=317,niah_single_3,1,0.40625,0.2857142857142857,0,3.4041998386383057,2536.2954268794474,32538,-0.6140455007553101,0.1303345263004303
rank5|global_req325|task=niah_single_3|doc=325,niah_single_3,1,0.4955357142857143,0.3705357142857143,0,3.194678544998169,1565.5918253017262,32524,-0.6015925407409668,0.1297818422317505
rank5|global_req333|task=niah_single_3|doc=333,niah_single_3,1,0.5758928571428571,0.28125,0,3.578420877456665,3788.0951352404218,32530,-0.43286439776420593,0.1431785225868225
rank5|global_req341|task=niah_single_3|doc=341,niah_single_3,1,0.41517857142857145,0.18303571428571427,0,4.563798427581787,36626.75366383469,32532,-0.6406487226486206,0.12322396039962769
rank5|global_req349|task=niah_single_3|doc=349,niah_single_3,1,0.8214285714285714,0.48660714285714285,0,3.3849079608917236,2426.095883242395,32531,-0.6110470294952393,0.12735331058502197
rank5|global_req357|task=niah_single_3|doc=357,niah_single_3,1,0.75,0.38392857142857145,0,3.4311819076538086,2698.869638470055,32534,-0.5461159944534302,0.1299450844526291
rank5|global_req365|task=niah_single_3|doc=365,niah_single_3,1,0.6116071428571429,0.44642857142857145,0,4.239454746246338,17356.204007292567,32535,-0.7132578492164612,0.12400849908590317
rank5|global_req373|task=niah_single_3|doc=373,niah_single_3,1,0.6741071428571429,0.2857142857142857,0,3.957401752471924,9065.708539399426,32533,-0.6667735576629639,0.12875670194625854
rank5|global_req37|task=niah_single_3|doc=37,niah_single_3,1,0.9017857142857143,0.49107142857142855,0,3.529994249343872,3388.396694063444,32527,-0.5871551632881165,0.13119839131832123
rank5|global_req381|task=niah_single_3|doc=381,niah_single_3,1,0.6785714285714286,0.3392857142857143,0,3.1962392330169678,1571.2280838599725,32530,-0.7143630385398865,0.12228040397167206
rank5|global_req389|task=niah_single_3|doc=389,niah_single_3,1,0.4375,0.19642857142857142,0,4.262504577636719,18302.253975136344,32531,-0.587492823600769,0.13104866445064545
rank5|global_req397|task=niah_single_3|doc=397,niah_single_3,1,0.375,0.20535714285714285,0,3.32010817527771,2089.8166033641746,32531,-0.536172091960907,0.12810829281806946
rank5|global_req405|task=niah_single_3|doc=405,niah_single_3,1,0.4419642857142857,0.29910714285714285,0,3.7333128452301025,5411.4399715094805,32535,-0.634375810623169,0.13104821741580963
rank5|global_req413|task=niah_single_3|doc=413,niah_single_3,1,0.38392857142857145,0.21875,0,4.198585510253906,15797.396193765313,32530,-0.5865917801856995,0.1255815029144287
rank5|global_req421|task=niah_single_3|doc=421,niah_single_3,1,0.7633928571428571,0.45535714285714285,0,3.772451639175415,5921.771413700044,32525,-0.522895336151123,0.13083836436271667
rank5|global_req429|task=niah_single_3|doc=429,niah_single_3,1,0.8303571428571429,0.4955357142857143,0,3.951960802078247,8952.839566614115,32535,-0.6391497850418091,0.12860985100269318
rank5|global_req437|task=niah_single_3|doc=437,niah_single_3,1,0.7098214285714286,0.4642857142857143,0,4.287758827209473,19398.083623652292,32530,-0.6617531180381775,0.12302970141172409
rank5|global_req445|task=niah_single_3|doc=445,niah_single_3,1,0.6383928571428571,0.40625,0,3.6651194095611572,4625.081708525369,32532,-0.6782916188240051,0.12314716726541519
rank5|global_req453|task=niah_single_3|doc=453,niah_single_3,1,0.6517857142857143,0.3125,0,3.6751298904418945,4732.92791999792,32526,-0.724486231803894,0.11940981447696686
rank5|global_req45|task=niah_single_3|doc=45,niah_single_3,1,0.3482142857142857,0.21875,0,3.864213228225708,7314.981434617117,32528,-0.6043075323104858,0.1235596165060997
rank5|global_req461|task=niah_single_3|doc=461,niah_single_3,1,0.7589285714285714,0.5625,0,2.8684682846069336,738.7003156668435,32536,-0.7228575348854065,0.11779356747865677
rank5|global_req469|task=niah_single_3|doc=469,niah_single_3,1,0.32142857142857145,0.15625,0,6.001177787780762,1002715.6372674867,32531,-0.6847831010818481,0.1224202811717987
rank5|global_req477|task=niah_single_3|doc=477,niah_single_3,1,0.5848214285714286,0.375,0,3.6011433601379395,3991.566417924132,32540,-0.5578137636184692,0.13009536266326904
rank5|global_req485|task=niah_single_3|doc=485,niah_single_3,1,0.33482142857142855,0.10267857142857142,0,3.2208356857299805,1662.7834212460339,32535,-0.7079369425773621,0.1328619420528412
rank5|global_req493|task=niah_single_3|doc=493,niah_single_3,1,0.5714285714285714,0.30357142857142855,0,4.5412211418151855,34771.317117105806,32527,-0.7298725247383118,0.11278156191110611
rank5|global_req501|task=niah_single_2|doc=1,niah_single_2,1,0.5892857142857143,0.22321428571428573,0,3.6687028408050537,4663.401851592759,32504,-0.6755099296569824,0.11990126967430115
rank5|global_req509|task=niah_single_2|doc=9,niah_single_2,1,0.48214285714285715,0.25892857142857145,0,4.291839122772217,19581.191861856045,32504,-0.5847374200820923,0.12684471905231476
rank5|global_req517|task=niah_single_2|doc=17,niah_single_2,1,0.36160714285714285,0.12053571428571429,0,4.274412631988525,18811.032423216857,32504,-0.6025121808052063,0.12282007932662964
rank5|global_req525|task=niah_single_2|doc=25,niah_single_2,1,0.78125,0.29464285714285715,0,4.70147705078125,50289.469092102474,32504,-0.499267041683197,0.1324063092470169
rank5|global_req533|task=niah_single_2|doc=33,niah_single_2,1,0.4955357142857143,0.20535714285714285,0,4.496190547943115,31346.607639966223,32516,-0.6917028427124023,0.12767373025417328
rank5|global_req53|task=niah_single_3|doc=53,niah_single_3,1,0.45982142857142855,0.24553571428571427,0,3.2726099491119385,1873.3112839354733,32531,-0.5590084791183472,0.12078793346881866
rank5|global_req541|task=niah_single_2|doc=41,niah_single_2,1,0.5535714285714286,0.29910714285714285,0,3.4971604347229004,3141.6690579579204,32504,-0.5645931959152222,0.1208081841468811
rank5|global_req549|task=niah_single_2|doc=49,niah_single_2,1,0.5580357142857143,0.23660714285714285,0,3.7245609760284424,5303.480495910356,32504,-0.6352488398551941,0.12215153872966766
rank5|global_req557|task=niah_single_2|doc=57,niah_single_2,1,0.6071428571428571,0.2544642857142857,0,3.9554953575134277,9026.000588771645,32507,-0.6406391263008118,0.12103056907653809
rank5|global_req565|task=niah_single_2|doc=65,niah_single_2,1,0.29464285714285715,0.14285714285714285,0,4.160625457763672,14475.229490451711,32504,-0.658931314945221,0.11887792497873306
rank5|global_req573|task=niah_single_2|doc=73,niah_single_2,1,0.5758928571428571,0.12053571428571429,0,3.943232536315918,8774.705235116397,32504,-0.6032204031944275,0.12190814316272736
rank5|global_req581|task=niah_single_2|doc=81,niah_single_2,1,0.3392857142857143,0.125,0,3.4880945682525635,3076.7667122111484,32510,-0.6300982236862183,0.125087171792984
rank5|global_req589|task=niah_single_2|doc=89,niah_single_2,1,0.42857142857142855,0.17857142857142858,0,3.5383481979370117,3454.2057114632453,32501,-0.5902121067047119,0.12671619653701782
rank5|global_req597|task=niah_single_2|doc=97,niah_single_2,1,0.32142857142857145,0.08928571428571429,0,3.42212176322937,2643.1497138515324,32504,-0.6848897337913513,0.11886049807071686
rank5|global_req5|task=niah_single_3|doc=5,niah_single_3,1,0.9821428571428571,0.8303571428571429,0,4.019247531890869,10453.158410690394,32537,-0.6447650790214539,0.12134011834859848
rank5|global_req605|task=niah_single_2|doc=105,niah_single_2,1,0.4375,0.16071428571428573,0,3.089979887008667,1230.2117960793719,32507,-0.6971430778503418,0.12405510246753693
rank5|global_req613|task=niah_single_2|doc=113,niah_single_2,1,0.4375,0.24107142857142858,0,3.4805188179016113,3023.5615780511735,32504,-0.5985637903213501,0.12583479285240173
rank5|global_req61|task=niah_single_3|doc=61,niah_single_3,1,0.6383928571428571,0.42410714285714285,0,4.039831638336182,10960.532100493256,32536,-0.7218176126480103,0.11615663021802902
rank5|global_req621|task=niah_single_2|doc=121,niah_single_2,1,0.4375,0.20982142857142858,0,4.093110084533691,12391.106352587633,32513,-0.661737859249115,0.11682917922735214
rank5|global_req629|task=niah_single_2|doc=129,niah_single_2,1,0.23660714285714285,0.16071428571428573,0,3.373173952102661,2361.4238873687773,32510,-0.6666600704193115,0.13143453001976013
rank5|global_req637|task=niah_single_2|doc=137,niah_single_2,1,0.6026785714285714,0.5401785714285714,0,3.180270195007324,1514.5031990057603,32510,-0.648860514163971,0.12326839566230774
rank5|global_req645|task=niah_single_2|doc=145,niah_single_2,1,0.5446428571428571,0.38392857142857145,0,3.702378273010254,5039.393517817969,32507,-0.5261512398719788,0.1291908174753189
rank5|global_req653|task=niah_single_2|doc=153,niah_single_2,1,0.2767857142857143,0.05803571428571429,0,3.08891224861145,1227.19124593066,32510,-0.6738108396530151,0.13298150897026062
rank5|global_req661|task=niah_single_2|doc=161,niah_single_2,1,0.5223214285714286,0.24107142857142858,0,3.5804226398468018,3805.5956312177113,32510,-0.47322529554367065,0.13014836609363556
rank5|global_req669|task=niah_single_2|doc=169,niah_single_2,1,0.5223214285714286,0.23660714285714285,0,4.051097393035889,11248.57201382407,32504,-0.523465633392334,0.1337101012468338
rank5|global_req677|task=niah_single_2|doc=177,niah_single_2,1,0.28125,0.08928571428571429,0,4.207563400268555,16127.364446985845,32510,-0.6360778212547302,0.1283891201019287
rank5|global_req685|task=niah_single_2|doc=185,niah_single_2,1,0.9107142857142857,0.4732142857142857,0,4.525485515594482,33534.012014247615,32510,-0.6294865012168884,0.12385182082653046
rank5|global_req693|task=niah_single_2|doc=193,niah_single_2,1,0.22321428571428573,0.06696428571428571,0,3.663595199584961,4608.877865922216,32504,-0.7095191478729248,0.11287659406661987
rank5|global_req69|task=niah_single_3|doc=69,niah_single_3,1,0.6428571428571429,0.3794642857142857,0,4.437326908111572,27373.284304844034,32531,-0.6586995720863342,0.11935657262802124
rank5|global_req701|task=niah_single_2|doc=201,niah_single_2,1,0.5535714285714286,0.22767857142857142,0,3.9018380641937256,7976.971936788566,32504,-0.7718071341514587,0.1130036935210228
rank5|global_req709|task=niah_single_2|doc=209,niah_single_2,1,0.36160714285714285,0.16517857142857142,0,3.545384168624878,3510.6227964727773,32510,-0.5331581830978394,0.1300610601902008
rank5|global_req717|task=niah_single_2|doc=217,niah_single_2,1,0.5044642857142857,0.28125,0,2.662930727005005,460.1831653066173,32513,-0.6580204963684082,0.12133423984050751
rank5|global_req725|task=niah_single_2|doc=225,niah_single_2,1,0.6026785714285714,0.35267857142857145,0,4.9273786544799805,84601.61517732838,32510,-0.6838324069976807,0.11823154985904694
rank5|global_req733|task=niah_single_2|doc=233,niah_single_2,1,0.4955357142857143,0.22767857142857142,0,4.050856113433838,11242.324416137557,32510,-0.7521370053291321,0.12231326103210449
rank5|global_req741|task=niah_single_2|doc=241,niah_single_2,2,0.0,0.0,951,2.9822726249694824,960.0030768405184,32513,-0.7631533145904541,0.11907777935266495
rank5|global_req749|task=niah_single_2|doc=249,niah_single_2,1,0.32142857142857145,0.16071428571428573,0,4.0292649269104,10697.072195596314,32504,-0.683403730392456,0.11799706518650055
rank5|global_req757|task=niah_single_2|doc=257,niah_single_2,1,0.4017857142857143,0.13839285714285715,0,4.059700012207031,11473.608111922342,32510,-0.6324153542518616,0.1323438584804535
rank5|global_req765|task=niah_single_2|doc=265,niah_single_2,1,0.6160714285714286,0.29910714285714285,0,3.8935070037841797,7825.408248513068,32510,-0.676692008972168,0.12478511035442352
rank5|global_req773|task=niah_single_2|doc=273,niah_single_2,1,0.5133928571428571,0.25,0,4.116616725921631,13080.270518987518,32507,-0.45357948541641235,0.14385901391506195
rank5|global_req77|task=niah_single_3|doc=77,niah_single_3,1,0.625,0.2857142857142857,0,3.9972872734069824,9937.731836620771,32536,-0.4892359972000122,0.14322686195373535
rank5|global_req781|task=niah_single_2|doc=281,niah_single_2,1,0.4642857142857143,0.18303571428571427,0,3.587787389755249,3870.681081079566,32507,-0.5844309329986572,0.12513460218906403
rank5|global_req789|task=niah_single_2|doc=289,niah_single_2,1,0.16517857142857142,0.10267857142857142,0,3.7561111450195312,5703.102078877645,32510,-0.5760194659233093,0.13111144304275513
rank5|global_req797|task=niah_single_2|doc=297,niah_single_2,1,0.45982142857142855,0.19196428571428573,0,3.998159646987915,9957.71396416874,32510,-0.7569672465324402,0.12220461666584015
rank5|global_req805|task=niah_single_2|doc=305,niah_single_2,1,0.23214285714285715,0.05357142857142857,0,3.231872797012329,1705.5827579755498,32501,-0.6911970376968384,0.12260319292545319
rank5|global_req813|task=niah_single_2|doc=313,niah_single_2,1,0.26339285714285715,0.08482142857142858,0,5.609257698059082,406684.57270465506,32504,-0.5454376339912415,0.1361282467842102
rank5|global_req821|task=niah_single_2|doc=321,niah_single_2,1,0.41964285714285715,0.23214285714285715,0,2.925595998764038,842.550612728322,32510,-0.5704299807548523,0.1337784230709076
rank5|global_req829|task=niah_single_2|doc=329,niah_single_2,1,0.42857142857142855,0.20982142857142858,0,3.8436198234558105,6976.214466722352,32507,-0.5571898221969604,0.1267969161272049
rank5|global_req837|task=niah_single_2|doc=337,niah_single_2,1,0.29464285714285715,0.15178571428571427,0,3.6368908882141113,4334.01977154239,32504,-0.6157112121582031,0.12053517997264862
rank5|global_req845|task=niah_single_2|doc=345,niah_single_2,1,0.39732142857142855,0.13839285714285715,0,3.576577663421631,3772.0519331658998,32507,-0.6704992651939392,0.12525320053100586
rank5|global_req853|task=niah_single_2|doc=353,niah_single_2,1,0.4017857142857143,0.10267857142857142,0,3.9365124702453613,8639.97468979673,32507,-0.3609362840652466,0.149984672665596
rank5|global_req85|task=niah_single_3|doc=85,niah_single_3,1,0.45089285714285715,0.23660714285714285,0,3.8361895084381104,6857.874108896699,32533,-0.463299423456192,0.13364918529987335
rank5|global_req861|task=niah_single_2|doc=361,niah_single_2,1,0.9598214285714286,0.5892857142857143,0,4.3985514640808105,25035.22299263406,32507,-0.5202322602272034,0.13292527198791504
rank5|global_req869|task=niah_single_2|doc=369,niah_single_2,1,0.5580357142857143,0.25892857142857145,0,3.9651591777801514,9229.096303636448,32507,-0.5446370840072632,0.1361185908317566
rank5|global_req877|task=niah_single_2|doc=377,niah_single_2,1,0.6026785714285714,0.24107142857142858,0,3.8953702449798584,7859.053495742858,32501,-0.7146727442741394,0.12820087373256683
rank5|global_req885|task=niah_single_2|doc=385,niah_single_2,1,0.42410714285714285,0.32589285714285715,0,4.092336177825928,12369.045236078595,32516,-0.735464870929718,0.11290179193019867
rank5|global_req893|task=niah_single_2|doc=393,niah_single_2,1,0.45535714285714285,0.23660714285714285,0,6.046069622039795,1111909.964026981,32507,-0.5538700819015503,0.12698489427566528
rank5|global_req901|task=niah_single_2|doc=401,niah_single_2,1,0.33482142857142855,0.20089285714285715,0,3.9786643981933594,9520.60173557379,32507,-0.5683839321136475,0.1283322274684906
rank5|global_req909|task=niah_single_2|doc=409,niah_single_2,1,0.29017857142857145,0.125,0,3.6084213256835938,4059.0212567218855,32504,-0.7424744367599487,0.1135525107383728
rank5|global_req917|task=niah_single_2|doc=417,niah_single_2,1,0.5267857142857143,0.32142857142857145,0,3.8463082313537598,7019.533182402298,32507,-0.6922117471694946,0.12508171796798706
rank5|global_req925|task=niah_single_2|doc=425,niah_single_2,1,0.8035714285714286,0.39732142857142855,0,3.4703176021575928,2953.368253020378,32510,-0.5272452235221863,0.1306668519973755
rank5|global_req933|task=niah_single_2|doc=433,niah_single_2,1,0.38839285714285715,0.05357142857142857,0,3.741920232772827,5519.760480718441,32507,-0.5729926228523254,0.12293903529644012
rank5|global_req93|task=niah_single_3|doc=93,niah_single_3,1,0.53125,0.29017857142857145,0,3.7273528575897217,5337.683979739422,32531,-0.6990013718605042,0.1205945536494255
rank5|global_req941|task=niah_single_2|doc=441,niah_single_2,1,0.44642857142857145,0.1875,0,3.8153738975524902,6536.930950623487,32504,-0.6242339015007019,0.1221005991101265
rank5|global_req949|task=niah_single_2|doc=449,niah_single_2,1,0.38392857142857145,0.22321428571428573,0,3.7187931537628174,5233.511149918935,32507,-0.6401621103286743,0.13398846983909607
rank5|global_req957|task=niah_single_2|doc=457,niah_single_2,1,0.42410714285714285,0.14732142857142858,0,2.8247673511505127,667.9859857734065,32504,-0.7394081950187683,0.12610553205013275
rank5|global_req965|task=niah_single_2|doc=465,niah_single_2,1,0.9553571428571429,0.4732142857142857,0,3.559581756591797,3627.2856401771346,32507,-0.6656621694564819,0.1193845197558403
rank5|global_req973|task=niah_single_2|doc=473,niah_single_2,1,0.5982142857142857,0.375,0,3.3478636741638184,2227.7357491579123,32507,-0.543822705745697,0.1356811225414276
rank5|global_req981|task=niah_single_2|doc=481,niah_single_2,1,0.2544642857142857,0.07142857142857142,0,3.7916345596313477,6189.200609467058,32507,-0.7058946490287781,0.11791588366031647
rank5|global_req989|task=niah_single_2|doc=489,niah_single_2,1,0.48214285714285715,0.24553571428571427,0,3.895026445388794,7852.834512293833,32507,-0.6893560886383057,0.12323275208473206
rank5|global_req997|task=niah_single_2|doc=497,niah_single_2,1,0.5133928571428571,0.2857142857142857,0,4.172845840454102,14888.32499771507,32510,-0.6286409497261047,0.12197918444871902
rank6|global_req1006|task=niah_single_1|doc=6,niah_single_1,1,0.7276785714285714,0.6026785714285714,0,3.0307154655456543,1073.2860027399668,32477,-0.7651826739311218,0.09386838972568512
rank6|global_req1014|task=niah_single_1|doc=14,niah_single_1,1,0.0,0.0,688,3.161402940750122,1450.116655603361,32477,-0.7759582996368408,0.09057094156742096
rank6|global_req1022|task=niah_single_1|doc=22,niah_single_1,1,0.7008928571428571,0.42410714285714285,0,3.9954068660736084,9894.796484013563,32480,-0.772363007068634,0.10456104576587677
rank6|global_req102|task=niah_single_3|doc=102,niah_single_3,1,0.6428571428571429,0.36160714285714285,0,3.798470973968506,6287.398309453574,32530,-0.6515969038009644,0.12951233983039856
rank6|global_req1030|task=niah_single_1|doc=30,niah_single_1,1,0.8080357142857143,0.625,0,3.618950366973877,4158.630811711292,32486,-0.633490264415741,0.09723495692014694
rank6|global_req1038|task=niah_single_1|doc=38,niah_single_1,1,0.5803571428571429,0.5267857142857143,0,3.9696385860443115,9324.779823381037,32483,-0.8497417569160461,0.09256622195243835
rank6|global_req1046|task=niah_single_1|doc=46,niah_single_1,1,0.7946428571428571,0.71875,0,3.9664618968963623,9256.821662421411,32477,-0.8284407258033752,0.09299934655427933
rank6|global_req1054|task=niah_single_1|doc=54,niah_single_1,1,0.5580357142857143,0.42857142857142855,0,2.9023489952087402,798.6362064735798,32483,-0.7205083966255188,0.11003131419420242
rank6|global_req1062|task=niah_single_1|doc=62,niah_single_1,1,0.6964285714285714,0.5178571428571429,0,4.742969512939453,55331.126592651606,32477,-0.8328801989555359,0.09691029042005539
rank6|global_req1070|task=niah_single_1|doc=70,niah_single_1,1,0.5580357142857143,0.24107142857142858,0,4.46492338180542,29169.123671803794,32486,-0.8179684281349182,0.0908379927277565
rank6|global_req1078|task=niah_single_1|doc=78,niah_single_1,1,0.8258928571428571,0.7142857142857143,0,3.684113025665283,4831.845350388471,32480,-0.7621921896934509,0.09733709692955017
rank6|global_req1086|task=niah_single_1|doc=86,niah_single_1,1,0.8035714285714286,0.6875,0,2.911062240600586,814.8210511449723,32480,-0.7778032422065735,0.10031144320964813
rank6|global_req1094|task=niah_single_1|doc=94,niah_single_1,1,0.5357142857142857,0.34375,0,4.246623992919922,17645.094675187767,32480,-0.7162488102912903,0.10298533737659454
rank6|global_req1102|task=niah_single_1|doc=102,niah_single_1,1,0.65625,0.6071428571428571,0,3.4389195442199707,2747.385135605272,32480,-0.8089297413825989,0.10454954952001572
rank6|global_req110|task=niah_single_3|doc=110,niah_single_3,1,0.7142857142857143,0.38839285714285715,0,2.9811320304870605,957.4851134723488,32530,-0.48329201340675354,0.12846419215202332
rank6|global_req1110|task=niah_single_1|doc=110,niah_single_1,1,0.7544642857142857,0.65625,0,2.8560502529144287,717.8773532111557,32480,-0.7814533710479736,0.09982956945896149
rank6|global_req1118|task=niah_single_1|doc=118,niah_single_1,1,0.9598214285714286,0.8794642857142857,0,3.656148672103882,4530.52646949756,32477,-0.6836363673210144,0.10246150195598602
rank6|global_req1126|task=niah_single_1|doc=126,niah_single_1,1,0.8660714285714286,0.7410714285714286,0,4.431856155395508,27030.629223478612,32480,-0.7586983442306519,0.10630109161138535
rank6|global_req1134|task=niah_single_1|doc=134,niah_single_1,1,0.6696428571428571,0.5401785714285714,0,3.7674360275268555,5853.775026557454,32480,-0.7980135083198547,0.11019599437713623
rank6|global_req1142|task=niah_single_1|doc=142,niah_single_1,1,0.25,0.18303571428571427,0,3.4608511924743652,2889.6895837260377,32480,-0.7539501786231995,0.0929265096783638
rank6|global_req1150|task=niah_single_1|doc=150,niah_single_1,1,0.7366071428571429,0.625,0,5.549808025360107,354656.58291220263,32477,-0.8682430982589722,0.08770043402910233
rank6|global_req1158|task=niah_single_1|doc=158,niah_single_1,1,0.875,0.7276785714285714,0,3.645481586456299,4420.603736704771,32480,-0.7711376547813416,0.09710737317800522
rank6|global_req1166|task=niah_single_1|doc=166,niah_single_1,1,0.9285714285714286,0.8660714285714286,0,3.442110061645508,2767.642950067572,32480,-0.7120268940925598,0.10879424214363098
rank6|global_req1174|task=niah_single_1|doc=174,niah_single_1,1,0.8571428571428571,0.6785714285714286,0,3.6806235313415527,4793.177713501858,32477,-0.8338825106620789,0.08720710873603821
rank6|global_req1182|task=niah_single_1|doc=182,niah_single_1,1,0.8348214285714286,0.6517857142857143,0,3.2139997482299805,1636.81557252971,32477,-0.772336483001709,0.09468832612037659
rank6|global_req118|task=niah_single_3|doc=118,niah_single_3,1,0.5,0.4017857142857143,0,3.922917127609253,8373.694794238876,32539,-0.7669947147369385,0.12374488264322281
rank6|global_req1190|task=niah_single_1|doc=190,niah_single_1,1,0.6294642857142857,0.5357142857142857,0,5.617516040802002,414491.8931424303,32480,-0.7641080021858215,0.10182678699493408
rank6|global_req1198|task=niah_single_1|doc=198,niah_single_1,1,0.90625,0.7410714285714286,0,4.043622016906738,11056.610659915685,32477,-0.8202626705169678,0.08920939266681671
rank6|global_req1206|task=niah_single_1|doc=206,niah_single_1,1,0.7410714285714286,0.6473214285714286,0,4.743292331695557,55372.270485545596,32477,-0.8051334023475647,0.09398739039897919
rank6|global_req1214|task=niah_single_1|doc=214,niah_single_1,1,0.7544642857142857,0.6651785714285714,0,4.317922115325928,20793.237558735156,32483,-0.7785032987594604,0.09768041968345642
rank6|global_req1222|task=niah_single_1|doc=222,niah_single_1,1,0.5848214285714286,0.4955357142857143,0,4.004768371582031,10110.400781328037,32477,-0.7994264364242554,0.09541001915931702
rank6|global_req1230|task=niah_single_1|doc=230,niah_single_1,1,0.9107142857142857,0.8080357142857143,0,3.5882835388183594,3875.1055724481666,32480,-0.7796906232833862,0.0952422246336937
rank6|global_req1238|task=niah_single_1|doc=238,niah_single_1,1,0.6785714285714286,0.5267857142857143,0,4.070880889892578,11772.83046228338,32477,-0.7764507532119751,0.09473858773708344
rank6|global_req1246|task=niah_single_1|doc=246,niah_single_1,1,0.48214285714285715,0.29910714285714285,0,3.6000499725341797,3981.529817936733,32477,-0.8227240443229675,0.09128368645906448
rank6|global_req1254|task=niah_single_1|doc=254,niah_single_1,1,0.21428571428571427,0.16517857142857142,0,3.884315013885498,7661.521310089477,32477,-0.5600826740264893,0.09498092532157898
rank6|global_req1262|task=niah_single_1|doc=262,niah_single_1,1,0.8169642857142857,0.65625,0,3.8452210426330566,7001.982848757054,32477,-0.6393261551856995,0.10488026589155197
rank6|global_req126|task=niah_single_3|doc=126,niah_single_3,1,0.7991071428571429,0.5714285714285714,0,3.385899543762207,2431.641483371143,32528,-0.4726004898548126,0.12688405811786652
rank6|global_req1270|task=niah_single_1|doc=270,niah_single_1,1,0.71875,0.5,0,3.36586856842041,2322.0339673101353,32477,-0.8376953601837158,0.09449650347232819
rank6|global_req1278|task=niah_single_1|doc=278,niah_single_1,1,0.47767857142857145,0.42410714285714285,0,2.8539962768554688,714.4902008268692,32483,-0.801496148109436,0.09082084894180298
rank6|global_req1286|task=niah_single_1|doc=286,niah_single_1,1,0.0,0.0,756,4.119143486022949,13156.59439507415,32480,-0.8570584058761597,0.0865585207939148
rank6|global_req1294|task=niah_single_1|doc=294,niah_single_1,1,0.45982142857142855,0.3794642857142857,0,3.5200304985046387,3311.5437611528155,32480,-0.8351708054542542,0.09354373812675476
rank6|global_req1302|task=niah_single_1|doc=302,niah_single_1,1,0.45535714285714285,0.3482142857142857,0,4.295051574707031,19726.569853847504,32477,-0.7514498233795166,0.09409310668706894
rank6|global_req1310|task=niah_single_1|doc=310,niah_single_1,1,0.4375,0.36160714285714285,0,3.609201192855835,4066.316632145914,32477,-0.8442997932434082,0.09586432576179504
rank6|global_req1318|task=niah_single_1|doc=318,niah_single_1,1,0.5714285714285714,0.2857142857142857,0,5.743767738342285,554329.1771904643,32474,-0.8349354863166809,0.08885203301906586
rank6|global_req1326|task=niah_single_1|doc=326,niah_single_1,1,0.39732142857142855,0.3482142857142857,0,2.957019090652466,905.7724158327088,32483,-0.8069958686828613,0.09835167229175568
rank6|global_req1334|task=niah_single_1|doc=334,niah_single_1,1,0.8794642857142857,0.6875,0,2.8637094497680664,730.6501028619878,32477,-0.5602314472198486,0.09906748682260513
rank6|global_req1342|task=niah_single_1|doc=342,niah_single_1,1,0.5669642857142857,0.47767857142857145,0,4.507199287414551,32151.35549470501,32477,-0.8541224598884583,0.09019029140472412
rank6|global_req134|task=niah_single_3|doc=134,niah_single_3,1,0.875,0.6294642857142857,0,4.814618110656738,65255.64860240731,32534,-0.5438079237937927,0.1390538066625595
rank6|global_req1350|task=niah_single_1|doc=350,niah_single_1,1,0.5982142857142857,0.27232142857142855,0,3.3805809020996094,2402.043688441684,32480,-0.8554869294166565,0.09076055884361267
rank6|global_req1358|task=niah_single_1|doc=358,niah_single_1,1,0.5982142857142857,0.4330357142857143,0,4.570835113525391,37225.034894176744,32474,-0.7861897945404053,0.08874956518411636
rank6|global_req1366|task=niah_single_1|doc=366,niah_single_1,1,0.7767857142857143,0.6473214285714286,0,3.1962337493896484,1571.20824484472,32480,-0.7866359353065491,0.11407005041837692
rank6|global_req1374|task=niah_single_1|doc=374,niah_single_1,1,0.7098214285714286,0.5758928571428571,0,4.340028762817383,21879.06521650304,32477,-0.8182350993156433,0.08871231228113174
rank6|global_req1382|task=niah_single_1|doc=382,niah_single_1,1,0.6383928571428571,0.5535714285714286,0,4.010763168334961,10250.92765027851,32477,-0.7741126418113708,0.10224501043558121
rank6|global_req1390|task=niah_single_1|doc=390,niah_single_1,1,0.96875,0.9285714285714286,0,3.370427370071411,2346.536803055271,32477,-0.7790886163711548,0.09199541807174683
rank6|global_req1398|task=niah_single_1|doc=398,niah_single_1,1,0.7008928571428571,0.5892857142857143,0,3.286867380142212,1935.8307319378482,32477,-0.7674474716186523,0.10070168226957321
rank6|global_req1406|task=niah_single_1|doc=406,niah_single_1,1,0.5044642857142857,0.38839285714285715,0,3.1825625896453857,1522.518539372998,32480,-0.7986291646957397,0.10510414838790894
rank6|global_req1414|task=niah_single_1|doc=414,niah_single_1,1,0.7276785714285714,0.6741071428571429,0,2.8202617168426514,661.0917185871341,32480,-0.7505318522453308,0.10828356444835663
rank6|global_req1422|task=niah_single_1|doc=422,niah_single_1,1,0.5357142857142857,0.4375,0,4.064550399780273,11602.468547309387,32477,-0.8567963242530823,0.09034428000450134
rank6|global_req142|task=niah_single_3|doc=142,niah_single_3,1,0.32142857142857145,0.21875,0,4.1986188888549805,15798.610381997558,32531,-0.6668329834938049,0.12204086780548096
rank6|global_req1430|task=niah_single_1|doc=430,niah_single_1,1,0.71875,0.5267857142857143,0,3.4299159049987793,2691.013676629091,32480,-0.7901008725166321,0.10172456502914429
rank6|global_req1438|task=niah_single_1|doc=438,niah_single_1,1,0.9732142857142857,0.8660714285714286,0,2.8256897926330566,669.4062958471154,32480,-0.5882526636123657,0.10633790493011475
rank6|global_req1446|task=niah_single_1|doc=446,niah_single_1,1,0.5714285714285714,0.21875,0,4.266510009765625,18471.83368923968,32480,-0.4320737421512604,0.11202610284090042
rank6|global_req1454|task=niah_single_1|doc=454,niah_single_1,1,0.7366071428571429,0.6428571428571429,0,2.836707353591919,686.6056195307356,32480,-0.8207628726959229,0.09074653685092926
rank6|global_req1462|task=niah_single_1|doc=462,niah_single_1,1,0.7544642857142857,0.6294642857142857,0,3.3681318759918213,2334.166737696955,32489,-0.620690107345581,0.1002582311630249
rank6|global_req1470|task=niah_single_1|doc=470,niah_single_1,1,0.8482142857142857,0.6830357142857143,0,3.092777729034424,1238.1627353635986,32480,-0.7516531348228455,0.09596668183803558
rank6|global_req1478|task=niah_single_1|doc=478,niah_single_1,1,0.38839285714285715,0.29910714285714285,0,5.0415120124816895,110030.22789731983,32477,-0.7439163327217102,0.09571271389722824
rank6|global_req1486|task=niah_single_1|doc=486,niah_single_1,1,0.6428571428571429,0.5714285714285714,0,3.2588906288146973,1815.0585073005727,32480,-0.849158763885498,0.11008328199386597
rank6|global_req1494|task=niah_single_1|doc=494,niah_single_1,1,0.4330357142857143,0.36160714285714285,0,3.8416082859039307,6943.977195279076,32477,-0.821990966796875,0.09371022135019302
rank6|global_req14|task=niah_single_3|doc=14,niah_single_3,1,0.6294642857142857,0.36607142857142855,0,2.8943471908569336,784.0561954223991,32529,-0.46424275636672974,0.12871310114860535
rank6|global_req150|task=niah_single_3|doc=150,niah_single_3,1,0.6071428571428571,0.40625,0,3.31613826751709,2070.800530257825,32538,-0.6409563422203064,0.1272960603237152
rank6|global_req158|task=niah_single_3|doc=158,niah_single_3,1,0.4375,0.14732142857142858,0,5.088094234466553,122488.19488428372,32528,-0.5238839983940125,0.14023831486701965
rank6|global_req166|task=niah_single_3|doc=166,niah_single_3,1,0.9955357142857143,0.8660714285714286,0,3.9191203117370605,8300.806912692158,32533,-0.4531109929084778,0.13824784755706787
rank6|global_req174|task=niah_single_3|doc=174,niah_single_3,1,0.4017857142857143,0.15178571428571427,0,3.2591233253479004,1816.0312827108978,32532,-0.6450015902519226,0.12689219415187836
rank6|global_req182|task=niah_single_3|doc=182,niah_single_3,1,0.6964285714285714,0.33035714285714285,0,5.709543704986572,512322.8249964126,32536,-0.492721825838089,0.13268668949604034
rank6|global_req190|task=niah_single_3|doc=190,niah_single_3,1,0.45535714285714285,0.38839285714285715,0,4.042476177215576,11027.47742078731,32531,-0.6761963367462158,0.12812164425849915
rank6|global_req198|task=niah_single_3|doc=198,niah_single_3,2,0.0,0.0,932,2.8192007541656494,659.4786711533712,32533,-0.6791113615036011,0.1311364769935608
rank6|global_req206|task=niah_single_3|doc=206,niah_single_3,1,0.4107142857142857,0.22321428571428573,0,3.9242241382598877,8398.9334146633,32529,-0.7050434350967407,0.11972358822822571
rank6|global_req214|task=niah_single_3|doc=214,niah_single_3,1,0.5,0.24553571428571427,0,3.281424045562744,1911.71895186574,32535,-0.6072073578834534,0.13916334509849548
rank6|global_req222|task=niah_single_3|doc=222,niah_single_3,1,0.7723214285714286,0.3392857142857143,0,3.1515023708343506,1417.432449253229,32525,-0.7934573888778687,0.1123105138540268
rank6|global_req22|task=niah_single_3|doc=22,niah_single_3,1,0.38392857142857145,0.21875,0,3.384918212890625,2426.1531545800185,32531,-0.4317668378353119,0.1299135833978653
rank6|global_req230|task=niah_single_3|doc=230,niah_single_3,1,0.3482142857142857,0.20535714285714285,0,3.4757628440856934,2990.631091708915,32536,-0.4452057480812073,0.14142188429832458
rank6|global_req238|task=niah_single_3|doc=238,niah_single_3,1,0.8303571428571429,0.45982142857142855,0,3.5725159645080566,3736.938619808275,32528,-0.6575337648391724,0.12242059409618378
rank6|global_req246|task=niah_single_3|doc=246,niah_single_3,1,0.8616071428571429,0.6116071428571429,0,3.750166893005371,5625.574662484952,32534,-0.555485725402832,0.13704398274421692
rank6|global_req254|task=niah_single_3|doc=254,niah_single_3,1,0.38392857142857145,0.2767857142857143,0,3.3085694313049316,2035.0235120818454,32530,-0.6585887670516968,0.12652671337127686
rank6|global_req262|task=niah_single_3|doc=262,niah_single_3,1,0.5848214285714286,0.25,0,5.682819843292236,481747.91453711456,32525,-0.42945125699043274,0.13265973329544067
rank6|global_req270|task=niah_single_3|doc=270,niah_single_3,1,0.8080357142857143,0.5446428571428571,0,3.851348400115967,7101.472344769816,32532,-0.5636036396026611,0.14097368717193604
rank6|global_req278|task=niah_single_3|doc=278,niah_single_3,1,0.5625,0.3794642857142857,0,3.989800214767456,9767.877732339957,32533,-0.5781772136688232,0.13352423906326294
rank6|global_req286|task=niah_single_3|doc=286,niah_single_3,1,0.8660714285714286,0.6741071428571429,0,4.0618414878845215,11530.323384652589,32534,-0.5926297307014465,0.1347886323928833
rank6|global_req294|task=niah_single_3|doc=294,niah_single_3,1,0.375,0.23660714285714285,0,4.066978931427002,11667.530139533063,32542,-0.5815499424934387,0.13244980573654175
rank6|global_req302|task=niah_single_3|doc=302,niah_single_3,1,0.41964285714285715,0.28125,0,3.7804441452026367,6031.761282004767,32532,-0.5977599620819092,0.13470691442489624
rank6|global_req30|task=niah_single_3|doc=30,niah_single_3,1,0.38392857142857145,0.24553571428571427,0,3.592266798019409,3910.8107294721776,32534,-0.5642384886741638,0.13493461906909943
rank6|global_req310|task=niah_single_3|doc=310,niah_single_3,1,0.5,0.2857142857142857,0,3.742990493774414,5533.379971267854,32529,-0.70670086145401,0.1267358660697937
rank6|global_req318|task=niah_single_3|doc=318,niah_single_3,1,0.48660714285714285,0.375,0,3.8924171924591064,7805.795917370031,32531,-0.4374035894870758,0.13557516038417816
rank6|global_req326|task=niah_single_3|doc=326,niah_single_3,1,0.8214285714285714,0.39732142857142855,0,3.9346251487731934,8602.509259847806,32527,-0.5283756256103516,0.12396873533725739
rank6|global_req334|task=niah_single_3|doc=334,niah_single_3,1,0.6785714285714286,0.47767857142857145,0,2.994669198989868,987.8004029592288,32533,-0.6681950688362122,0.12281924486160278
rank6|global_req342|task=niah_single_3|doc=342,niah_single_3,1,0.4955357142857143,0.25892857142857145,0,3.7419991493225098,5520.763578960977,32528,-0.660109281539917,0.13007649779319763
rank6|global_req350|task=niah_single_3|doc=350,niah_single_3,1,0.47767857142857145,0.28125,0,3.388753652572632,2447.6744391450457,32537,-0.6698012351989746,0.12460610270500183
rank6|global_req358|task=niah_single_3|doc=358,niah_single_3,1,0.3794642857142857,0.24107142857142858,0,4.066980838775635,11667.581381483986,32531,-0.6859047412872314,0.12148934602737427
rank6|global_req366|task=niah_single_3|doc=366,niah_single_3,1,0.53125,0.22767857142857142,0,4.941437721252441,87385.16714266194,32530,-0.5701403021812439,0.13020816445350647
rank6|global_req374|task=niah_single_3|doc=374,niah_single_3,1,0.6383928571428571,0.20982142857142858,0,3.537882089614868,3450.5004598038727,32533,-0.6552666425704956,0.12997092306613922
rank6|global_req382|task=niah_single_3|doc=382,niah_single_3,1,0.34375,0.16517857142857142,0,3.238917350769043,1733.4740743067466,32528,-0.7091044187545776,0.12126511335372925
rank6|global_req38|task=niah_single_3|doc=38,niah_single_3,1,0.75,0.5446428571428571,0,3.5386698246002197,3456.764749581327,32538,-0.5737208127975464,0.1223217323422432
rank6|global_req390|task=niah_single_3|doc=390,niah_single_3,1,0.36160714285714285,0.23660714285714285,0,4.521458148956299,33224.476670560645,32536,-0.5497262477874756,0.13703887164592743
rank6|global_req398|task=niah_single_3|doc=398,niah_single_3,1,0.9017857142857143,0.53125,0,3.3073983192443848,2029.5432901162499,32534,-0.5774733424186707,0.11938986927270889
rank6|global_req406|task=niah_single_3|doc=406,niah_single_3,1,0.49107142857142855,0.3482142857142857,0,3.4316000938415527,2701.4696566857774,32530,-0.5996297597885132,0.1306794434785843
rank6|global_req414|task=niah_single_3|doc=414,niah_single_3,1,0.6875,0.3392857142857143,0,3.1239869594573975,1330.4144690776045,32536,-0.5674290657043457,0.1311492621898651
rank6|global_req422|task=niah_single_3|doc=422,niah_single_3,1,0.5446428571428571,0.4642857142857143,0,5.070573329925537,117644.96095420087,32541,-0.6288198828697205,0.12258877605199814
rank6|global_req430|task=niah_single_3|doc=430,niah_single_3,1,0.47767857142857145,0.16071428571428573,0,3.192934513092041,1559.3173569160972,32527,-0.6796464920043945,0.12370382994413376
rank6|global_req438|task=niah_single_3|doc=438,niah_single_3,1,0.5982142857142857,0.38392857142857145,0,3.5989556312561035,3971.5097333803815,32529,-0.5776088833808899,0.1305185854434967
rank6|global_req446|task=niah_single_3|doc=446,niah_single_3,1,0.38839285714285715,0.25,0,3.6014609336853027,3994.48627884456,32536,-0.6343308091163635,0.12841224670410156
rank6|global_req454|task=niah_single_3|doc=454,niah_single_3,1,0.53125,0.3125,0,3.6376140117645264,4341.242157525856,32538,-0.6982195973396301,0.11935277283191681
rank6|global_req462|task=niah_single_3|doc=462,niah_single_3,1,0.6026785714285714,0.3125,0,3.354398012161255,2261.507394785706,32531,-0.7111297845840454,0.13016198575496674
rank6|global_req46|task=niah_single_3|doc=46,niah_single_3,1,0.9419642857142857,0.5178571428571429,0,3.8176443576812744,6571.195039714709,32524,-0.7112370729446411,0.11675888299942017
rank6|global_req470|task=niah_single_3|doc=470,niah_single_3,1,0.8794642857142857,0.6160714285714286,0,3.852513074874878,7120.542367899007,32528,-0.5101380348205566,0.13177278637886047
rank6|global_req478|task=niah_single_3|doc=478,niah_single_3,1,0.7901785714285714,0.45535714285714285,0,3.452873468399048,2837.0923217984723,32530,-0.5133921504020691,0.13597024977207184
rank6|global_req486|task=niah_single_3|doc=486,niah_single_3,1,0.7723214285714286,0.5669642857142857,0,3.477760076522827,3004.416071778655,32529,-0.6251116991043091,0.1306515634059906
rank6|global_req494|task=niah_single_3|doc=494,niah_single_3,1,0.7767857142857143,0.44642857142857145,0,2.650665283203125,447.36837824322856,32532,-0.6616203784942627,0.1228102445602417
rank6|global_req502|task=niah_single_2|doc=2,niah_single_2,1,0.9285714285714286,0.45535714285714285,0,4.016067028045654,10376.885580067625,32504,-0.5397940278053284,0.13668175041675568
rank6|global_req510|task=niah_single_2|doc=10,niah_single_2,1,0.5625,0.36160714285714285,0,3.8676342964172363,7372.831293631273,32507,-0.5357673764228821,0.14108362793922424
rank6|global_req518|task=niah_single_2|doc=18,niah_single_2,1,0.39285714285714285,0.17857142857142858,0,3.454482078552246,2847.6202888229573,32504,-0.6206482648849487,0.12177495658397675
rank6|global_req526|task=niah_single_2|doc=26,niah_single_2,1,0.4732142857142857,0.16071428571428573,0,3.678755283355713,4772.60270830253,32507,-0.49862542748451233,0.12492737174034119
rank6|global_req534|task=niah_single_2|doc=34,niah_single_2,1,0.35267857142857145,0.10714285714285714,0,3.6221866607666016,4189.736022422682,32507,-0.6350283026695251,0.12603604793548584
rank6|global_req542|task=niah_single_2|doc=42,niah_single_2,1,0.39285714285714285,0.16964285714285715,0,3.938227891921997,8674.169251841455,32501,-0.638865053653717,0.12885619699954987
rank6|global_req54|task=niah_single_3|doc=54,niah_single_3,1,0.90625,0.5089285714285714,0,3.1084394454956055,1283.6287791957543,32540,-0.645693838596344,0.12156543135643005
rank6|global_req550|task=niah_single_2|doc=50,niah_single_2,1,0.45089285714285715,0.3169642857142857,0,3.428631067276001,2683.0642169256434,32513,-0.6759716272354126,0.12612001597881317
rank6|global_req558|task=niah_single_2|doc=58,niah_single_2,1,0.44642857142857145,0.19196428571428573,0,3.7226619720458984,5280.341027143465,32507,-0.40670138597488403,0.133642315864563
rank6|global_req566|task=niah_single_2|doc=66,niah_single_2,1,0.3169642857142857,0.24553571428571427,0,3.754995107650757,5688.465227229782,32510,-0.5944805145263672,0.13563217222690582
rank6|global_req574|task=niah_single_2|doc=74,niah_single_2,1,0.375,0.11160714285714286,0,4.326008319854736,21184.01717449007,32507,-0.512175977230072,0.13247299194335938
rank6|global_req582|task=niah_single_2|doc=82,niah_single_2,1,0.2544642857142857,0.0625,0,3.762274980545044,5784.621941313389,32504,-0.7008950710296631,0.1230054423213005
rank6|global_req590|task=niah_single_2|doc=90,niah_single_2,1,0.5133928571428571,0.21428571428571427,0,3.703399896621704,5051.262016756918,32510,-0.6829538941383362,0.11394770443439484
rank6|global_req598|task=niah_single_2|doc=98,niah_single_2,1,0.48660714285714285,0.21875,0,4.69563627243042,49617.659270148164,32504,-0.5952933430671692,0.1272406429052353
rank6|global_req606|task=niah_single_2|doc=106,niah_single_2,1,0.65625,0.3392857142857143,0,3.6231915950775146,4199.44207384506,32510,-0.6168426275253296,0.1301601231098175
rank6|global_req614|task=niah_single_2|doc=114,niah_single_2,1,0.49107142857142855,0.12053571428571429,0,3.6494221687316895,4460.896722957688,32507,-0.5464119911193848,0.12750114500522614
rank6|global_req622|task=niah_single_2|doc=122,niah_single_2,1,0.5401785714285714,0.12946428571428573,0,3.64564847946167,4422.302836391198,32504,-0.6207925081253052,0.1264546811580658
rank6|global_req62|task=niah_single_3|doc=62,niah_single_3,1,0.78125,0.42410714285714285,0,3.079134225845337,1199.870085412695,32534,-0.5563760995864868,0.1259533017873764
rank6|global_req630|task=niah_single_2|doc=130,niah_single_2,1,0.45535714285714285,0.20089285714285715,0,3.9712634086608887,9359.731892851616,32504,-0.6564227342605591,0.1250317394733429
rank6|global_req638|task=niah_single_2|doc=138,niah_single_2,1,0.4642857142857143,0.22767857142857142,0,4.208622455596924,16166.740064146725,32504,-0.7096017003059387,0.11612776666879654
rank6|global_req646|task=niah_single_2|doc=146,niah_single_2,1,0.36160714285714285,0.15625,0,3.6149184703826904,4120.201637521633,32507,-0.6751227378845215,0.12354802340269089
rank6|global_req654|task=niah_single_2|doc=154,niah_single_2,1,0.6294642857142857,0.3169642857142857,0,3.3709917068481445,2349.587953421819,32507,-0.48331207036972046,0.13052649796009064
rank6|global_req662|task=niah_single_2|doc=162,niah_single_2,1,0.26339285714285715,0.06696428571428571,0,2.918297529220581,828.5095699245928,32510,-0.6990081667900085,0.12590579688549042
rank6|global_req670|task=niah_single_2|doc=170,niah_single_2,1,0.4107142857142857,0.16964285714285715,0,3.425394296646118,2663.141833213592,32504,-0.6283405423164368,0.11520389467477798
rank6|global_req678|task=niah_single_2|doc=178,niah_single_2,1,0.3080357142857143,0.12053571428571429,0,4.123885154724121,13301.026377690274,32504,-0.6161392331123352,0.12897223234176636
rank6|global_req686|task=niah_single_2|doc=186,niah_single_2,1,0.3705357142857143,0.14732142857142858,0,3.857822895050049,7208.13472069055,32519,-0.667324960231781,0.1303788125514984
rank6|global_req694|task=niah_single_2|doc=194,niah_single_2,1,0.44642857142857145,0.08928571428571429,0,3.6488542556762695,4455.067162852908,32504,-0.7048648595809937,0.11925696581602097
rank6|global_req6|task=niah_single_3|doc=6,niah_single_3,1,0.9330357142857143,0.5044642857142857,0,3.3181495666503906,2080.4130370649304,32533,-0.6229984760284424,0.13629208505153656
rank6|global_req702|task=niah_single_2|doc=202,niah_single_2,1,0.4955357142857143,0.3125,0,3.287087917327881,1936.814007329465,32504,-0.5246716141700745,0.12851734459400177
rank6|global_req70|task=niah_single_3|doc=70,niah_single_3,1,0.6383928571428571,0.42410714285714285,0,3.7265734672546387,5328.113495214203,32529,-0.5315612554550171,0.1290590465068817
rank6|global_req710|task=niah_single_2|doc=210,niah_single_2,1,0.6696428571428571,0.3794642857142857,0,3.285552978515625,1929.9807554354798,32510,-0.6519474387168884,0.13019782304763794
rank6|global_req718|task=niah_single_2|doc=218,niah_single_2,1,0.4419642857142857,0.10714285714285714,0,3.6215219497680664,4183.328311641514,32504,-0.5525709986686707,0.12411001324653625
rank6|global_req726|task=niah_single_2|doc=226,niah_single_2,1,0.7142857142857143,0.39285714285714285,0,3.7448573112487793,5557.216432645222,32507,-0.550153374671936,0.13669031858444214
rank6|global_req734|task=niah_single_2|doc=234,niah_single_2,1,0.22767857142857142,0.12946428571428573,0,3.879692554473877,7580.4075321839355,32504,-0.6873229742050171,0.11448939144611359
rank6|global_req742|task=niah_single_2|doc=242,niah_single_2,1,0.24107142857142858,0.11160714285714286,0,3.309098958969116,2037.5062939478419,32510,-0.6284418702125549,0.13231879472732544
rank6|global_req750|task=niah_single_2|doc=250,niah_single_2,1,0.375,0.13839285714285715,0,3.5781893730163574,3786.0763963745544,32504,-0.5372757911682129,0.12802176177501678
rank6|global_req758|task=niah_single_2|doc=258,niah_single_2,1,0.42410714285714285,0.22321428571428573,0,3.8129899501800537,6501.146461484119,32504,-0.5418947339057922,0.12616246938705444
rank6|global_req766|task=niah_single_2|doc=266,niah_single_2,1,0.4107142857142857,0.24107142857142858,0,4.049110412597656,11197.225192679794,32504,-0.7039155960083008,0.12449511885643005
rank6|global_req774|task=niah_single_2|doc=274,niah_single_2,1,0.49107142857142855,0.16071428571428573,0,3.4637057781219482,2908.745859701106,32504,-0.6928983926773071,0.11681605130434036
rank6|global_req782|task=niah_single_2|doc=282,niah_single_2,1,0.6383928571428571,0.29910714285714285,0,3.8211708068847656,6624.770029455371,32504,-0.6234047412872314,0.12188397347927094
rank6|global_req78|task=niah_single_3|doc=78,niah_single_3,1,0.7366071428571429,0.4642857142857143,0,3.513766050338745,3264.1195027586377,32537,-0.7255298495292664,0.1141919195652008
rank6|global_req790|task=niah_single_2|doc=290,niah_single_2,1,0.53125,0.26785714285714285,0,4.2412614822387695,17428.55905137502,32507,-0.6075380444526672,0.13226455450057983
rank6|global_req798|task=niah_single_2|doc=298,niah_single_2,1,0.24107142857142858,0.14732142857142858,0,3.491816282272339,3103.2465573746526,32507,-0.6220930218696594,0.12252789735794067
rank6|global_req806|task=niah_single_2|doc=306,niah_single_2,1,0.3794642857142857,0.10267857142857142,0,3.884242296218872,7660.238582963242,32507,-0.5865318775177002,0.1264059990644455
rank6|global_req814|task=niah_single_2|doc=314,niah_single_2,1,0.6339285714285714,0.3794642857142857,0,4.005814075469971,10134.774160224606,32510,-0.7003428936004639,0.1209837794303894
rank6|global_req822|task=niah_single_2|doc=322,niah_single_2,1,0.21875,0.14732142857142858,0,3.758913993835449,5740.027774426791,32507,-0.47415101528167725,0.12829339504241943
rank6|global_req830|task=niah_single_2|doc=330,niah_single_2,1,0.36607142857142855,0.14285714285714285,0,4.085154056549072,12166.17492781838,32501,-0.6510265469551086,0.12126649916172028
rank6|global_req838|task=niah_single_2|doc=338,niah_single_2,1,0.45982142857142855,0.34375,0,3.675625801086426,4738.335425729251,32504,-0.6282934546470642,0.12409992516040802
rank6|global_req846|task=niah_single_2|doc=346,niah_single_2,1,0.5133928571428571,0.1875,0,3.810241937637329,6460.1401158692015,32504,-0.5580165982246399,0.1261550337076187
rank6|global_req854|task=niah_single_2|doc=354,niah_single_2,1,0.3482142857142857,0.16964285714285715,0,3.871396064758301,7436.9706022290575,32504,-0.5988309979438782,0.12636691331863403
rank6|global_req862|task=niah_single_2|doc=362,niah_single_2,1,0.24107142857142858,0.08035714285714286,0,3.7417144775390625,5517.1460090557875,32504,-0.6797913908958435,0.12155386060476303
rank6|global_req86|task=niah_single_3|doc=86,niah_single_3,1,0.45089285714285715,0.15625,0,3.729893207550049,5368.9975718269125,32534,-0.5969687700271606,0.11728840321302414
rank6|global_req870|task=niah_single_2|doc=370,niah_single_2,1,0.4642857142857143,0.19642857142857142,0,3.747260332107544,5588.050626961128,32504,-0.5299086570739746,0.12740859389305115
rank6|global_req878|task=niah_single_2|doc=378,niah_single_2,1,0.45535714285714285,0.22767857142857142,0,3.9916043281555176,9808.53911119677,32504,-0.5705247521400452,0.12200978398323059
rank6|global_req886|task=niah_single_2|doc=386,niah_single_2,1,0.3705357142857143,0.13392857142857142,0,4.036004543304443,10864.369891498718,32504,-0.6172008514404297,0.12410153448581696
rank6|global_req894|task=niah_single_2|doc=394,niah_single_2,1,0.3125,0.18303571428571427,0,3.6361072063446045,4326.206110017317,32507,-0.6835382580757141,0.12550362944602966
rank6|global_req902|task=niah_single_2|doc=402,niah_single_2,1,0.6473214285714286,0.19642857142857142,0,3.9893321990966797,9757.35708866586,32507,-0.5442565083503723,0.12863032519817352
rank6|global_req910|task=niah_single_2|doc=410,niah_single_2,1,0.2544642857142857,0.13392857142857142,0,3.5198452472686768,3310.131501086221,32507,-0.4986761212348938,0.1368308812379837
rank6|global_req918|task=niah_single_2|doc=418,niah_single_2,1,0.4017857142857143,0.12053571428571429,0,3.653860092163086,4506.71497465949,32501,-0.5685612559318542,0.13452672958374023
rank6|global_req926|task=niah_single_2|doc=426,niah_single_2,1,0.5803571428571429,0.36160714285714285,0,3.479964256286621,3019.703179719909,32507,-0.511700451374054,0.13000422716140747
rank6|global_req934|task=niah_single_2|doc=434,niah_single_2,1,0.3482142857142857,0.09375,0,3.5217511653900146,3324.690063171378,32501,-0.6362730860710144,0.12647029757499695
rank6|global_req942|task=niah_single_2|doc=442,niah_single_2,1,0.5982142857142857,0.21428571428571427,0,2.9151153564453125,822.4610814294341,32510,-0.4958895444869995,0.12833644449710846
rank6|global_req94|task=niah_single_3|doc=94,niah_single_3,1,0.6294642857142857,0.3482142857142857,0,3.530059337615967,3388.9045554862278,32529,-0.6100507378578186,0.12309104204177856
rank6|global_req950|task=niah_single_2|doc=450,niah_single_2,1,0.3080357142857143,0.14732142857142858,0,3.8929834365844727,7815.979949090039,32507,-0.6821364164352417,0.1214827448129654
rank6|global_req958|task=niah_single_2|doc=458,niah_single_2,1,0.36160714285714285,0.13839285714285715,0,3.685490131378174,4847.190980616234,32510,-0.5358276963233948,0.12422285974025726
rank6|global_req966|task=niah_single_2|doc=466,niah_single_2,1,0.4107142857142857,0.25892857142857145,0,3.7108330726623535,5138.461094695927,32507,-0.6014736890792847,0.13146182894706726
rank6|global_req974|task=niah_single_2|doc=474,niah_single_2,1,0.5848214285714286,0.2767857142857143,0,4.014265537261963,10333.930520328615,32507,-0.6997399926185608,0.12823385000228882
rank6|global_req982|task=niah_single_2|doc=482,niah_single_2,1,0.6473214285714286,0.24107142857142858,0,4.076704025268555,11931.746704197396,32501,-0.5967735648155212,0.13075466454029083
rank6|global_req990|task=niah_single_2|doc=490,niah_single_2,1,0.6160714285714286,0.35714285714285715,0,2.960301399230957,912.6439921633079,32510,-0.6856647729873657,0.12461443245410919
rank6|global_req998|task=niah_single_2|doc=498,niah_single_2,1,0.9017857142857143,0.48660714285714285,0,4.538614273071289,34563.22615743282,32507,-0.5875733494758606,0.13609814643859863
rank7|global_req1007|task=niah_single_1|doc=7,niah_single_1,1,0.6696428571428571,0.5044642857142857,0,3.4509024620056152,2824.2456076833355,32477,-0.7273916602134705,0.09516800940036774
rank7|global_req1015|task=niah_single_1|doc=15,niah_single_1,1,0.7142857142857143,0.6205357142857143,0,3.5306684970855713,3393.6613089326834,32480,-0.7426977157592773,0.10121168196201324
rank7|global_req1023|task=niah_single_1|doc=23,niah_single_1,1,0.16517857142857142,0.09821428571428571,0,2.886514663696289,770.0424439455661,32480,-0.7139707207679749,0.10003490746021271
rank7|global_req1031|task=niah_single_1|doc=31,niah_single_1,1,0.8303571428571429,0.7455357142857143,0,3.386829137802124,2436.851911898649,32480,-0.7490633130073547,0.10892091691493988
rank7|global_req1039|task=niah_single_1|doc=39,niah_single_1,1,0.6919642857142857,0.5625,0,4.036026954650879,10864.930551258638,32480,-0.774329662322998,0.09978943318128586
rank7|global_req103|task=niah_single_3|doc=103,niah_single_3,1,0.28125,0.16964285714285715,0,3.3471014499664307,2223.8293102381017,32537,-0.7818791270256042,0.1203850656747818
rank7|global_req1047|task=niah_single_1|doc=47,niah_single_1,1,0.7946428571428571,0.7008928571428571,0,3.706007242202759,5081.6791659040755,32483,-0.8615407347679138,0.09648700058460236
rank7|global_req1055|task=niah_single_1|doc=55,niah_single_1,1,0.40625,0.29910714285714285,0,3.7614686489105225,5773.891903203338,32477,-0.8020512461662292,0.08717314153909683
rank7|global_req1063|task=niah_single_1|doc=63,niah_single_1,1,0.6651785714285714,0.5401785714285714,0,4.429699897766113,26896.755664093038,32480,-0.7045937180519104,0.096945621073246
rank7|global_req1071|task=niah_single_1|doc=71,niah_single_1,1,0.29910714285714285,0.20982142857142858,0,4.083260536193848,12113.24597433277,32483,-0.8059629797935486,0.10456036031246185
rank7|global_req1079|task=niah_single_1|doc=79,niah_single_1,1,0.8035714285714286,0.6205357142857143,0,4.3289971351623535,21330.3084249298,32477,-0.7860961556434631,0.08943535387516022
rank7|global_req1087|task=niah_single_1|doc=87,niah_single_1,1,0.41964285714285715,0.2767857142857143,0,3.914391279220581,8210.909761362935,32489,-0.6341357827186584,0.0998879000544548
rank7|global_req1095|task=niah_single_1|doc=95,niah_single_1,1,0.8392857142857143,0.6875,0,3.0654115676879883,1162.549805110839,32483,-0.8190886974334717,0.10160879045724869
rank7|global_req1103|task=niah_single_1|doc=103,niah_single_1,1,0.5714285714285714,0.49107142857142855,0,4.0594401359558105,11466.744505647725,32477,-0.7695263028144836,0.09299264848232269
rank7|global_req1111|task=niah_single_1|doc=111,niah_single_1,1,0.625,0.5580357142857143,0,3.227020740509033,1686.633571665506,32483,-0.7323769330978394,0.10640435665845871
rank7|global_req1119|task=niah_single_1|doc=119,niah_single_1,1,0.625,0.5669642857142857,0,2.9913089275360107,980.1869757858486,32483,-0.7669076323509216,0.10035941004753113
rank7|global_req111|task=niah_single_3|doc=111,niah_single_3,1,0.6383928571428571,0.38392857142857145,0,4.303919792175293,20133.52378852211,32532,-0.5412501096725464,0.12905141711235046
rank7|global_req1127|task=niah_single_1|doc=127,niah_single_1,1,0.6160714285714286,0.5,0,6.195456504821777,1568398.812557444,32477,-0.847832202911377,0.08792346715927124
rank7|global_req1135|task=niah_single_1|doc=135,niah_single_1,1,0.5357142857142857,0.4375,0,3.9962573051452637,9914.191540484164,32477,-0.8130733370780945,0.09701699018478394
rank7|global_req1143|task=niah_single_1|doc=143,niah_single_1,1,0.9419642857142857,0.8303571428571429,0,3.7854692935943604,6101.959117594039,32477,-0.46960264444351196,0.09927268326282501
rank7|global_req1151|task=niah_single_1|doc=151,niah_single_1,1,0.23214285714285715,0.20089285714285715,0,3.1008877754211426,1261.5015120992418,32483,-0.8701839447021484,0.09533003717660904
rank7|global_req1159|task=niah_single_1|doc=159,niah_single_1,1,0.23214285714285715,0.14285714285714285,0,3.208404541015625,1615.8630164453741,32480,-0.7843427658081055,0.09716320037841797
rank7|global_req1167|task=niah_single_1|doc=167,niah_single_1,1,0.45089285714285715,0.26785714285714285,0,3.7104170322418213,5133.54096802021,32477,-0.7625396847724915,0.09232403337955475
rank7|global_req1175|task=niah_single_1|doc=175,niah_single_1,1,0.5223214285714286,0.42410714285714285,0,3.232330322265625,1707.3805205642436,32480,-0.8733758330345154,0.09840340912342072
rank7|global_req1183|task=niah_single_1|doc=183,niah_single_1,1,0.7098214285714286,0.6517857142857143,0,3.022508382797241,1053.194015793911,32480,-0.7248624563217163,0.09451986104249954
rank7|global_req1191|task=niah_single_1|doc=191,niah_single_1,1,0.5892857142857143,0.5178571428571429,0,3.0712249279022217,1178.2160320317396,32480,-0.804627537727356,0.10454961657524109
rank7|global_req1199|task=niah_single_1|doc=199,niah_single_1,1,0.5758928571428571,0.47767857142857145,0,2.937696695327759,866.3566141246914,32480,-0.812329113483429,0.09908551722764969
rank7|global_req119|task=niah_single_3|doc=119,niah_single_3,1,0.8125,0.5848214285714286,0,5.528441905975342,337630.6819684765,32531,-0.6390113830566406,0.13622723519802094
rank7|global_req1207|task=niah_single_1|doc=207,niah_single_1,1,0.9776785714285714,0.9285714285714286,0,5.901729106903076,797497.0897706619,32477,-0.801357090473175,0.09092024713754654
rank7|global_req1215|task=niah_single_1|doc=215,niah_single_1,1,0.7857142857142857,0.6517857142857143,0,3.225630044937134,1681.241280447815,32483,-0.7634405493736267,0.10196278989315033
rank7|global_req1223|task=niah_single_1|doc=223,niah_single_1,1,0.7321428571428571,0.6116071428571429,0,4.281111717224121,19103.446093855913,32480,-0.746803343296051,0.10397183150053024
rank7|global_req1231|task=niah_single_1|doc=231,niah_single_1,1,0.71875,0.6607142857142857,0,3.6545681953430176,4514.069022068147,32483,-0.7805986404418945,0.09962005168199539
rank7|global_req1239|task=niah_single_1|doc=239,niah_single_1,1,0.8794642857142857,0.7410714285714286,0,2.8701882362365723,741.6316170053356,32486,-0.5532694458961487,0.11225612461566925
rank7|global_req1247|task=niah_single_1|doc=247,niah_single_1,1,0.8705357142857143,0.7678571428571429,0,4.330215930938721,21390.253471897682,32486,-0.7016791105270386,0.0966184213757515
rank7|global_req1255|task=niah_single_1|doc=255,niah_single_1,1,0.5491071428571429,0.47767857142857145,0,3.9740960597991943,9420.979522266562,32477,-0.5829297304153442,0.11662611365318298
rank7|global_req1263|task=niah_single_1|doc=263,niah_single_1,1,0.6294642857142857,0.15625,0,3.071479082107544,1178.90573961333,32480,-0.7772448062896729,0.11215442419052124
rank7|global_req1271|task=niah_single_1|doc=271,niah_single_1,1,0.42857142857142855,0.3125,0,3.2524304389953613,1788.2590804745578,32483,-0.827430009841919,0.10302826017141342
rank7|global_req1279|task=niah_single_1|doc=279,niah_single_1,1,0.8794642857142857,0.03571428571428571,0,4.078413963317871,11978.817911757378,32480,-0.7305160164833069,0.09899728000164032
rank7|global_req127|task=niah_single_3|doc=127,niah_single_3,1,0.5580357142857143,0.28125,0,4.02381706237793,10563.724403091004,32534,-0.5131223201751709,0.14003917574882507
rank7|global_req1287|task=niah_single_1|doc=287,niah_single_1,1,0.9330357142857143,0.8348214285714286,0,3.426140546798706,2667.7218555580175,32480,-0.8360009789466858,0.09014004468917847
rank7|global_req1295|task=niah_single_1|doc=295,niah_single_1,1,0.6294642857142857,0.5133928571428571,0,4.501389503479004,31724.114119916674,32477,-0.7326192855834961,0.08969652652740479
rank7|global_req1303|task=niah_single_1|doc=303,niah_single_1,1,0.7053571428571429,0.6160714285714286,0,3.4738833904266357,2977.7167948034867,32474,-0.9050517678260803,0.08678889274597168
rank7|global_req1311|task=niah_single_1|doc=311,niah_single_1,1,0.90625,0.8616071428571429,0,4.638002395629883,43451.262099812986,32474,-0.7525153756141663,0.09429009258747101
rank7|global_req1319|task=niah_single_1|doc=319,niah_single_1,1,0.7857142857142857,0.25892857142857145,0,2.979033946990967,952.8706430425526,32483,-0.8054331541061401,0.0998833104968071
rank7|global_req1327|task=niah_single_1|doc=327,niah_single_1,1,0.8258928571428571,0.6696428571428571,0,4.664134502410889,46146.04682369642,32477,-0.906174898147583,0.08551329374313354
rank7|global_req1335|task=niah_single_1|doc=335,niah_single_1,1,0.7678571428571429,0.5267857142857143,0,3.5283913612365723,3375.913895935994,32477,-0.6865043640136719,0.0923658013343811
rank7|global_req1343|task=niah_single_1|doc=343,niah_single_1,1,0.49107142857142855,0.4642857142857143,0,4.2674560546875,18512.115646623904,32477,-0.7538496851921082,0.09458673745393753
rank7|global_req1351|task=niah_single_1|doc=351,niah_single_1,1,0.7053571428571429,0.5535714285714286,0,3.867659091949463,7373.252248772114,32477,-0.7491514086723328,0.0963066965341568
rank7|global_req1359|task=niah_single_1|doc=359,niah_single_1,1,0.7455357142857143,0.6026785714285714,0,3.142240047454834,1387.5225418658267,32480,-0.7404448390007019,0.09695449471473694
rank7|global_req135|task=niah_single_3|doc=135,niah_single_3,1,0.41517857142857145,0.14732142857142858,0,3.7831995487213135,6070.151755866486,32533,-0.5260968208312988,0.12859991192817688
rank7|global_req1367|task=niah_single_1|doc=367,niah_single_1,1,0.0,0.0,230,3.032543897628784,1077.814191519122,32477,-0.7403878569602966,0.09529440850019455
rank7|global_req1375|task=niah_single_1|doc=375,niah_single_1,1,0.5758928571428571,0.5,0,3.240457057952881,1739.6306788230763,32480,-0.8128873705863953,0.09487229585647583
rank7|global_req1383|task=niah_single_1|doc=383,niah_single_1,1,0.7142857142857143,0.6026785714285714,0,4.187083721160889,15384.51186795538,32474,-0.7694754600524902,0.09123736619949341
rank7|global_req1391|task=niah_single_1|doc=391,niah_single_1,1,0.7142857142857143,0.6651785714285714,0,3.118049144744873,1312.3483959050698,32480,-0.7036455273628235,0.09434055536985397
rank7|global_req1399|task=niah_single_1|doc=399,niah_single_1,1,0.7008928571428571,0.5491071428571429,0,3.206233263015747,1607.8045857541747,32477,-0.7858850955963135,0.10337309539318085
rank7|global_req1407|task=niah_single_1|doc=407,niah_single_1,1,0.4017857142857143,0.13839285714285715,0,3.1192398071289062,1315.9512687424044,32480,-0.8140830993652344,0.0982980951666832
rank7|global_req1415|task=niah_single_1|doc=415,niah_single_1,1,0.9196428571428571,0.7991071428571429,0,3.8858330249786377,7688.347863189629,32483,-0.8363844752311707,0.08405520766973495
rank7|global_req1423|task=niah_single_1|doc=423,niah_single_1,1,0.2767857142857143,0.20535714285714285,0,3.8720107078552246,7447.5033605609515,32480,-0.7103099226951599,0.11127753555774689
rank7|global_req1431|task=niah_single_1|doc=431,niah_single_1,1,0.7991071428571429,0.7053571428571429,0,3.8039438724517822,6367.132277559471,32477,-0.75274258852005,0.09712040424346924
rank7|global_req1439|task=niah_single_1|doc=439,niah_single_1,1,0.39285714285714285,0.26339285714285715,0,3.6246986389160156,4214.039857041983,32477,-0.7565752267837524,0.09400748461484909
rank7|global_req143|task=niah_single_3|doc=143,niah_single_3,1,0.28125,0.16964285714285715,0,3.790942668914795,6179.34821362218,32537,-0.6467676162719727,0.12673667073249817
rank7|global_req1447|task=niah_single_1|doc=447,niah_single_1,1,0.8928571428571429,0.8125,0,3.7290618419647217,5358.729584534105,32477,-0.7408482432365417,0.08916358649730682
rank7|global_req1455|task=niah_single_1|doc=455,niah_single_1,1,0.9107142857142857,0.8214285714285714,0,3.489058256149292,3083.60155602212,32474,-0.6184905171394348,0.10364130139350891
rank7|global_req1463|task=niah_single_1|doc=463,niah_single_1,1,0.9151785714285714,0.7723214285714286,0,3.8446428775787354,6992.667491417402,32486,-0.844176709651947,0.09779229760169983
rank7|global_req1471|task=niah_single_1|doc=471,niah_single_1,1,0.32142857142857145,0.16964285714285715,0,2.963099241256714,918.5424699643911,32480,-0.8301416635513306,0.0928766056895256
rank7|global_req1479|task=niah_single_1|doc=479,niah_single_1,1,0.8035714285714286,0.46875,0,4.523135185241699,33353.021639895356,32477,-0.7963475584983826,0.08666498959064484
rank7|global_req1487|task=niah_single_1|doc=487,niah_single_1,1,0.7142857142857143,0.6071428571428571,0,2.941753387451172,874.4870599016187,32480,-0.7056304812431335,0.09586572647094727
rank7|global_req1495|task=niah_single_1|doc=495,niah_single_1,1,0.7946428571428571,0.6339285714285714,0,3.0728938579559326,1182.7524544110888,32480,-0.7769832015037537,0.09535099565982819
rank7|global_req151|task=niah_single_3|doc=151,niah_single_3,1,0.7410714285714286,0.44642857142857145,0,3.7807986736297607,6036.687211302561,32533,-0.6684920191764832,0.12624581158161163
rank7|global_req159|task=niah_single_3|doc=159,niah_single_3,1,0.8035714285714286,0.3392857142857143,0,4.384591102600098,24243.2646579059,32531,-0.7744179368019104,0.12015505135059357
rank7|global_req15|task=niah_single_3|doc=15,niah_single_3,1,0.8482142857142857,0.6383928571428571,0,3.0400776863098145,1096.6743509815394,32532,-0.623702883720398,0.12726646661758423
rank7|global_req167|task=niah_single_3|doc=167,niah_single_3,1,0.38839285714285715,0.19196428571428573,0,3.0034751892089844,1008.0340197865818,32524,-0.5668106079101562,0.11913669109344482
rank7|global_req175|task=niah_single_3|doc=175,niah_single_3,1,0.5714285714285714,0.3125,0,3.5718321800231934,3731.059544163299,32533,-0.6558068990707397,0.1329733282327652
rank7|global_req183|task=niah_single_3|doc=183,niah_single_3,1,0.41964285714285715,0.32142857142857145,0,3.705305576324463,5073.475603186594,32527,-0.5265436768531799,0.133347749710083
rank7|global_req191|task=niah_single_3|doc=191,niah_single_3,1,0.875,0.36160714285714285,0,3.452089786529541,2831.9774214781105,32538,-0.6419928073883057,0.13304674625396729
rank7|global_req199|task=niah_single_3|doc=199,niah_single_3,2,0.0,0.0,935,2.9579083919525146,907.6290589547625,32529,-0.7072005271911621,0.11799873411655426
rank7|global_req207|task=niah_single_3|doc=207,niah_single_3,1,0.5714285714285714,0.2544642857142857,0,3.6008551120758057,3988.9180316460584,32531,-0.6895917057991028,0.11957728862762451
rank7|global_req215|task=niah_single_3|doc=215,niah_single_3,1,0.7455357142857143,0.4955357142857143,0,3.1916158199310303,1554.58982166454,32531,-0.5406332015991211,0.12842869758605957
rank7|global_req223|task=niah_single_3|doc=223,niah_single_3,1,0.39285714285714285,0.23660714285714285,0,4.075390338897705,11895.709197957105,32528,-0.57449871301651,0.12165552377700806
rank7|global_req231|task=niah_single_3|doc=231,niah_single_3,2,0.0,0.0,933,3.5381593704223633,3452.7041789060763,32531,-0.8001705408096313,0.11231337487697601
rank7|global_req239|task=niah_single_3|doc=239,niah_single_3,1,0.3794642857142857,0.17857142857142858,0,4.113704681396484,12992.857681702253,32529,-0.6621038317680359,0.1265609711408615
rank7|global_req23|task=niah_single_3|doc=23,niah_single_3,1,0.6294642857142857,0.5714285714285714,0,3.7734713554382324,5935.691971292101,32530,-0.6183526515960693,0.13072308897972107
rank7|global_req247|task=niah_single_3|doc=247,niah_single_3,1,0.75,0.5982142857142857,0,4.4121551513671875,25831.828658897746,32532,-0.5098426342010498,0.1321498304605484
rank7|global_req255|task=niah_single_3|doc=255,niah_single_3,1,0.29017857142857145,0.14732142857142858,0,3.465792417526245,2922.755036255655,32524,-0.4923974573612213,0.14702823758125305
rank7|global_req263|task=niah_single_3|doc=263,niah_single_3,1,0.42410714285714285,0.14732142857142858,0,3.008981943130493,1020.8970365006227,32525,-0.7108637094497681,0.10864871740341187
rank7|global_req271|task=niah_single_3|doc=271,niah_single_3,1,0.5580357142857143,0.29910714285714285,0,3.799192190170288,6297.848225347709,32525,-0.5203157663345337,0.13789324462413788
rank7|global_req279|task=niah_single_3|doc=279,niah_single_3,1,0.5982142857142857,0.35267857142857145,0,4.3874921798706055,24405.751213977666,32540,-0.6208305358886719,0.11577370762825012
rank7|global_req287|task=niah_single_3|doc=287,niah_single_3,1,0.6339285714285714,0.32142857142857145,0,3.7513978481292725,5641.5422911775495,32532,-0.5828074216842651,0.13378939032554626
rank7|global_req295|task=niah_single_3|doc=295,niah_single_3,1,0.7321428571428571,0.48214285714285715,0,4.7006001472473145,50188.02980654622,32534,-0.5048532485961914,0.1305997669696808
rank7|global_req303|task=niah_single_3|doc=303,niah_single_3,1,0.39732142857142855,0.24553571428571427,0,3.7955145835876465,6244.74319745804,32531,-0.5137547254562378,0.1292192041873932
rank7|global_req311|task=niah_single_3|doc=311,niah_single_3,1,0.7455357142857143,0.5491071428571429,0,3.744701623916626,5555.224620228997,32533,-0.6687337756156921,0.11128188669681549
rank7|global_req319|task=niah_single_3|doc=319,niah_single_3,1,0.7857142857142857,0.5133928571428571,0,4.115575313568115,13048.94238427712,32532,-0.6548374891281128,0.1262059211730957
rank7|global_req31|task=niah_single_3|doc=31,niah_single_3,1,0.17410714285714285,0.022321428571428572,0,3.7628636360168457,5792.467903587095,32528,-0.606293261051178,0.13744866847991943
rank7|global_req327|task=niah_single_3|doc=327,niah_single_3,1,0.6473214285714286,0.32142857142857145,0,3.1895596981048584,1547.2471738752051,32531,-0.5684111714363098,0.1337890326976776
rank7|global_req335|task=niah_single_3|doc=335,niah_single_3,1,0.5982142857142857,0.39732142857142855,0,3.5891406536102295,3882.760954075179,32541,-0.5979730486869812,0.1248808205127716
rank7|global_req343|task=niah_single_3|doc=343,niah_single_3,1,0.5044642857142857,0.30357142857142855,0,3.76739501953125,5853.222313461709,32529,-0.5195097327232361,0.13357365131378174
rank7|global_req351|task=niah_single_3|doc=351,niah_single_3,1,0.4107142857142857,0.26785714285714285,0,3.603362560272217,4012.0151126460646,32542,-0.7630674242973328,0.11854224652051926
rank7|global_req359|task=niah_single_3|doc=359,niah_single_3,1,0.5580357142857143,0.35714285714285715,0,3.6915855407714844,4915.701927410617,32530,-0.6333232522010803,0.12750589847564697
rank7|global_req367|task=niah_single_3|doc=367,niah_single_3,1,0.8080357142857143,0.39732142857142855,0,3.450468063354492,2821.422096985734,32533,-0.7221060395240784,0.11841311305761337
rank7|global_req375|task=niah_single_3|doc=375,niah_single_3,1,0.6160714285714286,0.375,0,3.302175998687744,2005.284508191167,32530,-0.6605241298675537,0.11510998010635376
rank7|global_req383|task=niah_single_3|doc=383,niah_single_3,1,0.5401785714285714,0.27232142857142855,0,3.9784975051879883,9516.943810727396,32532,-0.4703923165798187,0.14060541987419128
rank7|global_req391|task=niah_single_3|doc=391,niah_single_3,1,0.4330357142857143,0.29017857142857145,0,4.269710540771484,18608.46460702293,32532,-0.6460637450218201,0.12252248823642731
rank7|global_req399|task=niah_single_3|doc=399,niah_single_3,1,0.19642857142857142,0.026785714285714284,0,3.6708788871765137,4686.8266117503745,32527,-0.6207435131072998,0.13382254540920258
rank7|global_req39|task=niah_single_3|doc=39,niah_single_3,1,0.9196428571428571,0.4017857142857143,0,3.900277853012085,7948.365928054528,32524,-0.5870195627212524,0.12857630848884583
rank7|global_req407|task=niah_single_3|doc=407,niah_single_3,1,0.7991071428571429,0.5133928571428571,0,3.7774035930633545,5989.679618445265,32531,-0.5824314951896667,0.12305101752281189
rank7|global_req415|task=niah_single_3|doc=415,niah_single_3,1,1.0,0.8928571428571429,0,3.380877733230591,2403.6859958866316,32528,-0.6316389441490173,0.1203833669424057
rank7|global_req423|task=niah_single_3|doc=423,niah_single_3,1,0.9598214285714286,0.5089285714285714,0,3.4356234073638916,2726.612412017173,32530,-0.7189666628837585,0.12183447182178497
rank7|global_req431|task=niah_single_3|doc=431,niah_single_3,1,0.78125,0.32589285714285715,0,4.279652118682861,19039.350048976517,32525,-0.5950192213058472,0.1293824315071106
rank7|global_req439|task=niah_single_3|doc=439,niah_single_3,1,0.7053571428571429,0.3482142857142857,0,3.9749860763549805,9440.306098230622,32535,-0.6462227702140808,0.116273432970047
rank7|global_req447|task=niah_single_3|doc=447,niah_single_3,1,0.6383928571428571,0.4732142857142857,0,3.9474728107452393,8860.7974839288,32537,-0.6251846551895142,0.13189205527305603
rank7|global_req455|task=niah_single_3|doc=455,niah_single_3,1,0.46875,0.22767857142857142,0,3.3795979022979736,2396.612953410785,32531,-0.6957354545593262,0.12795686721801758
rank7|global_req463|task=niah_single_3|doc=463,niah_single_3,1,0.5357142857142857,0.32589285714285715,0,3.6127328872680664,4099.518846086618,32533,-0.7565432190895081,0.11346953362226486
rank7|global_req471|task=niah_single_3|doc=471,niah_single_3,1,0.40625,0.24107142857142858,0,3.533214807510376,3413.617116671107,32536,-0.696877121925354,0.1165870726108551
rank7|global_req479|task=niah_single_3|doc=479,niah_single_3,1,0.8169642857142857,0.48214285714285715,0,3.899543523788452,7934.937745378475,32526,-0.6344034075737,0.134027898311615
rank7|global_req47|task=niah_single_3|doc=47,niah_single_3,1,0.6383928571428571,0.39285714285714285,0,3.727583646774292,5340.521241459718,32536,-0.5674685835838318,0.13010892271995544
rank7|global_req487|task=niah_single_3|doc=487,niah_single_3,1,0.5848214285714286,0.26785714285714285,0,3.408278465270996,2560.226952605411,32530,-0.6688129305839539,0.1251569390296936
rank7|global_req495|task=niah_single_3|doc=495,niah_single_3,1,0.8125,0.4955357142857143,0,3.6023013591766357,4002.223697916202,32540,-0.5792776942253113,0.11706509441137314
rank7|global_req503|task=niah_single_2|doc=3,niah_single_2,1,0.5401785714285714,0.25,0,3.2446796894073486,1756.6275487751398,32510,-0.5761429071426392,0.1285567432641983
rank7|global_req511|task=niah_single_2|doc=11,niah_single_2,1,0.2767857142857143,0.10267857142857142,0,3.30725359916687,2028.8670974809318,32507,-0.624258279800415,0.13150519132614136
rank7|global_req519|task=niah_single_2|doc=19,niah_single_2,1,0.6071428571428571,0.15178571428571427,0,3.2560482025146484,1803.2178696108015,32501,-0.671843945980072,0.12674576044082642
rank7|global_req527|task=niah_single_2|doc=27,niah_single_2,1,0.3482142857142857,0.09821428571428571,0,4.027050971984863,10642.679211813906,32504,-0.6240323781967163,0.12401734292507172
rank7|global_req535|task=niah_single_2|doc=35,niah_single_2,1,0.3705357142857143,0.12053571428571429,0,4.10974645614624,12874.976829855455,32507,-0.561103880405426,0.12629182636737823
rank7|global_req543|task=niah_single_2|doc=43,niah_single_2,1,0.6026785714285714,0.28125,0,3.666466236114502,4639.447195599298,32507,-0.689767599105835,0.12335743755102158
rank7|global_req551|task=niah_single_2|doc=51,niah_single_2,1,0.9285714285714286,0.5535714285714286,0,5.018270492553711,104296.68203793792,32507,-0.3954870402812958,0.1428278088569641
rank7|global_req559|task=niah_single_2|doc=59,niah_single_2,1,0.48660714285714285,0.13392857142857142,0,3.8640599250793457,7312.399749114926,32507,-0.5934112071990967,0.12394271045923233
rank7|global_req55|task=niah_single_3|doc=55,niah_single_3,1,0.48214285714285715,0.32142857142857145,0,3.989304780960083,9756.741100860536,32532,-0.4885841906070709,0.13090188801288605
rank7|global_req567|task=niah_single_2|doc=67,niah_single_2,1,0.7946428571428571,0.3705357142857143,0,3.602813720703125,4006.9481316812676,32510,-0.6062672138214111,0.12348433583974838
rank7|global_req575|task=niah_single_2|doc=75,niah_single_2,1,0.9107142857142857,0.45535714285714285,0,3.8732247352600098,7468.351247447132,32507,-0.5496047139167786,0.13593007624149323
rank7|global_req583|task=niah_single_2|doc=83,niah_single_2,1,0.5848214285714286,0.30357142857142855,0,3.5875930786132812,3868.9496562922777,32504,-0.49940988421440125,0.12704366445541382
rank7|global_req591|task=niah_single_2|doc=91,niah_single_2,1,0.14732142857142858,0.11607142857142858,0,3.59243106842041,3912.29026003824,32507,-0.5143577456474304,0.12329816818237305
rank7|global_req599|task=niah_single_2|doc=99,niah_single_2,1,0.24553571428571427,0.08482142857142858,0,4.003899097442627,10090.184268047939,32504,-0.6932144165039062,0.11971083283424377
rank7|global_req607|task=niah_single_2|doc=107,niah_single_2,1,0.33482142857142855,0.13839285714285715,0,4.407341480255127,25547.092486989415,32507,-0.519875705242157,0.12873007357120514
rank7|global_req615|task=niah_single_2|doc=115,niah_single_2,1,0.5491071428571429,0.3794642857142857,0,3.6084370613098145,4059.168328354394,32507,-0.7565166354179382,0.12445828318595886
rank7|global_req623|task=niah_single_2|doc=123,niah_single_2,1,0.48660714285714285,0.16071428571428573,0,2.8239145278930664,666.6755500204652,32504,-0.532005250453949,0.13119915127754211
rank7|global_req631|task=niah_single_2|doc=131,niah_single_2,1,0.8258928571428571,0.32589285714285715,0,3.869459867477417,7403.88846031189,32501,-0.5701404809951782,0.13942284882068634
rank7|global_req639|task=niah_single_2|doc=139,niah_single_2,1,0.7946428571428571,0.3169642857142857,0,3.410115957260132,2571.082173821681,32504,-0.5833896398544312,0.1277143955230713
rank7|global_req63|task=niah_single_3|doc=63,niah_single_3,1,0.5044642857142857,0.3125,0,3.2818756103515625,1913.7077266563244,32537,-0.6027406454086304,0.12604670226573944
rank7|global_req647|task=niah_single_2|doc=147,niah_single_2,1,0.4419642857142857,0.20982142857142858,0,3.2158737182617188,1643.8936514435654,32507,-0.577194333076477,0.12995533645153046
rank7|global_req655|task=niah_single_2|doc=155,niah_single_2,1,0.39732142857142855,0.10714285714285714,0,3.486276388168335,3063.9127097005335,32507,-0.432120680809021,0.13440930843353271
rank7|global_req663|task=niah_single_2|doc=163,niah_single_2,1,0.46875,0.24553571428571427,0,3.5812127590179443,3812.525516534569,32507,-0.42089685797691345,0.1504649817943573
rank7|global_req671|task=niah_single_2|doc=171,niah_single_2,1,0.375,0.14732142857142858,0,4.095766544342041,12467.131615321698,32507,-0.5606681108474731,0.11999160796403885
rank7|global_req679|task=niah_single_2|doc=179,niah_single_2,1,0.6116071428571429,0.3705357142857143,0,3.5088231563568115,3227.1797544810684,32504,-0.5886145234107971,0.13003236055374146
rank7|global_req687|task=niah_single_2|doc=187,niah_single_2,1,0.5758928571428571,0.27232142857142855,0,3.447706937789917,2803.541168027434,32510,-0.6728274822235107,0.11953797191381454
rank7|global_req695|task=niah_single_2|doc=195,niah_single_2,1,0.36160714285714285,0.16964285714285715,0,3.5156877040863037,3278.5944855936245,32510,-0.24654775857925415,0.15051409602165222
rank7|global_req703|task=niah_single_2|doc=203,niah_single_2,1,0.33482142857142855,0.13392857142857142,0,3.916637420654297,8253.486032396188,32510,-0.6900384426116943,0.12408755719661713
rank7|global_req711|task=niah_single_2|doc=211,niah_single_2,1,0.30357142857142855,0.22321428571428573,0,3.5752768516540527,3760.7706742811743,32504,-0.5203487277030945,0.130548357963562
rank7|global_req719|task=niah_single_2|doc=219,niah_single_2,1,0.5580357142857143,0.20535714285714285,0,4.305177688598633,20191.923333480656,32510,-0.5568148493766785,0.1423715353012085
rank7|global_req71|task=niah_single_3|doc=71,niah_single_3,1,0.5089285714285714,0.20982142857142858,0,3.1722140312194824,1486.668129140825,32530,-0.7922223806381226,0.1190604716539383
rank7|global_req727|task=niah_single_2|doc=227,niah_single_2,1,0.7723214285714286,0.4107142857142857,0,3.6653828620910645,4627.8882353956205,32504,-0.6937881708145142,0.12128473073244095
rank7|global_req735|task=niah_single_2|doc=235,niah_single_2,1,0.29464285714285715,0.125,0,4.133028030395508,13584.011181865862,32510,-0.5539934635162354,0.13400521874427795
rank7|global_req743|task=niah_single_2|doc=243,niah_single_2,1,0.4375,0.29910714285714285,0,3.7198758125305176,5246.574118479171,32510,-0.6162517070770264,0.12023310363292694
rank7|global_req751|task=niah_single_2|doc=251,niah_single_2,1,0.3794642857142857,0.20089285714285715,0,3.695850372314453,4964.21259730017,32504,-0.7139842510223389,0.11630237102508545
rank7|global_req759|task=niah_single_2|doc=259,niah_single_2,1,0.2767857142857143,0.125,0,3.7397496700286865,5492.242064408402,32507,-0.5489170551300049,0.13282684981822968
rank7|global_req767|task=niah_single_2|doc=267,niah_single_2,1,0.44642857142857145,0.22767857142857142,0,4.394305229187012,24791.63841935465,32507,-0.6620299220085144,0.12797792255878448
rank7|global_req775|task=niah_single_2|doc=275,niah_single_2,1,0.5982142857142857,0.42410714285714285,0,3.9732158184051514,9401.90412945841,32507,-0.624921977519989,0.13599684834480286
rank7|global_req783|task=niah_single_2|doc=283,niah_single_2,1,0.9017857142857143,0.44642857142857145,0,3.625380516052246,4220.6614341279555,32504,-0.6068562865257263,0.1268492490053177
rank7|global_req791|task=niah_single_2|doc=291,niah_single_2,1,0.2767857142857143,0.08035714285714286,0,3.463251829147339,2905.707063662766,32504,-0.5746956467628479,0.12128540873527527
rank7|global_req799|task=niah_single_2|doc=299,niah_single_2,1,0.6428571428571429,0.23660714285714285,0,3.605386972427368,4030.7602999593096,32504,-0.6086518168449402,0.12138760089874268
rank7|global_req79|task=niah_single_3|doc=79,niah_single_3,1,0.5982142857142857,0.35267857142857145,0,5.670699596405029,468489.2137872734,32535,-0.5848244428634644,0.13112863898277283
rank7|global_req7|task=niah_single_3|doc=7,niah_single_3,1,0.8616071428571429,0.4732142857142857,0,3.2429823875427246,1749.7757264632369,32532,-0.6480793356895447,0.13009580969810486
rank7|global_req807|task=niah_single_2|doc=307,niah_single_2,1,0.35714285714285715,0.16517857142857142,0,3.807527780532837,6419.892863494875,32507,-0.6573157906532288,0.12632808089256287
rank7|global_req815|task=niah_single_2|doc=315,niah_single_2,1,0.5133928571428571,0.16964285714285715,0,3.345198631286621,2214.107134146669,32507,-0.6026377081871033,0.1329277753829956
rank7|global_req823|task=niah_single_2|doc=323,niah_single_2,1,0.4107142857142857,0.16517857142857142,0,3.424750566482544,2659.197332676126,32507,-0.6042585372924805,0.12563998997211456
rank7|global_req831|task=niah_single_2|doc=331,niah_single_2,1,0.5446428571428571,0.30357142857142855,0,4.224000453948975,16749.44626771681,32507,-0.570681631565094,0.13102121651172638
rank7|global_req839|task=niah_single_2|doc=339,niah_single_2,2,0.0,0.0,953,4.1003313064575195,12598.861636970096,32513,-0.6484624147415161,0.11764141172170639
rank7|global_req847|task=niah_single_2|doc=347,niah_single_2,1,0.49107142857142855,0.22767857142857142,0,3.5129263401031494,3257.81441118428,32507,-0.5602555871009827,0.13321471214294434
rank7|global_req855|task=niah_single_2|doc=355,niah_single_2,1,0.34375,0.11160714285714286,0,3.9046151638031006,8028.144185260934,32504,-0.6790325045585632,0.11833804845809937
rank7|global_req863|task=niah_single_2|doc=363,niah_single_2,1,0.5357142857142857,0.23214285714285715,0,3.5657739639282227,3679.3742440536735,32507,-0.564861536026001,0.13357789814472198
rank7|global_req871|task=niah_single_2|doc=371,niah_single_2,1,0.4107142857142857,0.12946428571428573,0,3.3936190605163574,2475.249950600938,32504,-0.6577094793319702,0.12069877982139587
rank7|global_req879|task=niah_single_2|doc=379,niah_single_2,1,0.36607142857142855,0.125,0,3.52254319190979,3330.758860735483,32504,-0.5060763359069824,0.12810243666172028
rank7|global_req87|task=niah_single_3|doc=87,niah_single_3,1,0.6026785714285714,0.34375,0,3.372499942779541,2357.7618853143736,32533,-0.47407403588294983,0.13364839553833008
rank7|global_req887|task=niah_single_2|doc=387,niah_single_2,1,0.5535714285714286,0.23660714285714285,0,3.7667696475982666,5844.799902164977,32510,-0.5703357458114624,0.12234267592430115
rank7|global_req895|task=niah_single_2|doc=395,niah_single_2,1,0.23660714285714285,0.11607142857142858,0,4.304917812347412,20179.84435968825,32507,-0.5464513897895813,0.12806475162506104
rank7|global_req903|task=niah_single_2|doc=403,niah_single_2,1,0.4732142857142857,0.20535714285714285,0,3.1684324741363525,1473.7793739768774,32507,-0.6845844388008118,0.12571567296981812
rank7|global_req911|task=niah_single_2|doc=411,niah_single_2,1,0.33482142857142855,0.09821428571428571,0,3.5625388622283936,3652.0680580798403,32501,-0.6776830554008484,0.12222310155630112
rank7|global_req919|task=niah_single_2|doc=419,niah_single_2,1,0.9375,0.5089285714285714,0,3.8758299350738525,7513.286244081035,32504,-0.6933117508888245,0.13077834248542786
rank7|global_req927|task=niah_single_2|doc=427,niah_single_2,1,0.32142857142857145,0.17857142857142858,0,3.4776432514190674,3003.607993320591,32507,-0.6644608378410339,0.12605640292167664
rank7|global_req935|task=niah_single_2|doc=435,niah_single_2,1,0.5,0.22321428571428573,0,4.307914733886719,20319.580324087205,32510,-0.5755571126937866,0.1359478235244751
rank7|global_req943|task=niah_single_2|doc=443,niah_single_2,1,0.42410714285714285,0.14285714285714285,0,3.8442859649658203,6986.923126542846,32504,-0.6444982886314392,0.12067096680402756
rank7|global_req951|task=niah_single_2|doc=451,niah_single_2,1,0.4419642857142857,0.19196428571428573,0,5.537803649902344,344987.73070015456,32504,-0.5781787633895874,0.13644126057624817
rank7|global_req959|task=niah_single_2|doc=459,niah_single_2,1,0.28125,0.13839285714285715,0,3.865673542022705,7339.619435522676,32504,-0.6205717325210571,0.123390793800354
rank7|global_req95|task=niah_single_3|doc=95,niah_single_3,1,0.5267857142857143,0.4107142857142857,0,4.031041145324707,10740.91167574818,32539,-0.5260508060455322,0.12845534086227417
rank7|global_req967|task=niah_single_2|doc=467,niah_single_2,1,0.5848214285714286,0.29464285714285715,0,3.869629383087158,7406.778940605656,32510,-0.6308759450912476,0.12288372218608856
rank7|global_req975|task=niah_single_2|doc=475,niah_single_2,1,0.6026785714285714,0.19642857142857142,0,3.8293681144714355,6751.000100770648,32507,-0.5257505774497986,0.13440555334091187
rank7|global_req983|task=niah_single_2|doc=483,niah_single_2,1,0.59375,0.35267857142857145,0,3.8866076469421387,7702.073290969292,32507,-0.6050385236740112,0.12743791937828064
rank7|global_req991|task=niah_single_2|doc=491,niah_single_2,2,0.0,0.0,964,3.296550750732422,1979.4783253629369,32501,-0.6840758323669434,0.11732739210128784
rank7|global_req999|task=niah_single_2|doc=499,niah_single_2,1,0.5401785714285714,0.32589285714285715,0,3.8190948963165283,6593.179449890529,32507,-0.5468943119049072,0.1373368203639984
